date,match_id,market,selection,p_model,odds,ev,stake,won,clv
2025-08-15,2025-26_20250815_liverpool_bournemouth,1x2,A,0.20159847699500197,8.5,0.7135870544575167,0.02,False,-0.19874228773287428
2025-08-16,2025-26_20250816_aston_villa_newcastle,1x2,A,0.3643116473114351,2.9,0.0565037772031618,0.007434707526731816,False,-0.08613272616019019
2025-08-16,2025-26_20250816_brighton_fulham,1x2,A,0.32299259813008674,4.0,0.29197039252034696,0.02,False,-0.09785194106841699
2025-08-16,2025-26_20250816_tottenham_burnley,1x2,A,0.2415044897827657,8.5,1.0527881631535085,0.02,False,0.19997451528329635
2025-08-16,2025-26_20250816_tottenham_burnley,ou25,over,0.6840207157600204,1.73,0.18335583826483526,0.02,True,-0.11462041884816743
2025-08-16,2025-26_20250816_wolves_man_city,1x2,H,0.23564611376401423,6.25,0.47278821102508894,0.02,False,-0.05170021938491842
2025-08-17,2025-26_20250817_chelsea_crystal_palace,1x2,A,0.2959472423195364,4.5,0.3317625904379138,0.02,False,-0.07635811443086005
2025-08-17,2025-26_20250817_chelsea_crystal_palace,ou25,over,0.6452893011809788,1.67,0.07763313297223462,0.02,False,-0.0681424654645153
2025-08-17,2025-26_20250817_nottm_forest_brentford,1x2,A,0.40131847614483573,3.5,0.404614666506925,0.02,False,-0.07543671272799257
2025-08-17,2025-26_20250817_nottm_forest_brentford,ou25,over,0.5246601693908642,2.0,0.04932033878172848,0.01233008469543212,True,-0.07401728832377263
2025-08-17,2025-26_20250817_man_united_arsenal,ou25,over,0.5749432804546925,1.83,0.052146203232087185,0.015706687720508188,False,0.02113729832331579
2025-08-18,2025-26_20250818_leeds_everton,1x2,A,0.4132172765951651,3.0,0.23965182978549526,0.02,False,-0.12348852673608002
2025-08-18,2025-26_20250818_leeds_everton,ou25,over,0.49944652875169465,2.1,0.048837710378558885,0.011099479631490656,False,-0.0761755485893415
2025-08-22,2025-26_20250822_west_ham_chelsea,1x2,H,0.29008821115875894,4.75,0.37791900300410486,0.02,False,-0.12371639886564412
2025-08-23,2025-26_20250823_man_city_tottenham,1x2,A,0.20060456884579975,6.25,0.2537785552862484,0.01208469310886897,True,-0.02423107246417555
2025-08-23,2025-26_20250823_brentford_aston_villa,1x2,H,0.4333786316687954,3.1,0.34347375817326586,0.02,True,-0.08584389695027583
2025-08-23,2025-26_20250823_brentford_aston_villa,ou25,over,0.6093579773412674,1.8,0.09684435921428136,0.02,False,-0.11648869346733659
2025-08-23,2025-26_20250823_arsenal_leeds,1x2,A,0.21798726732480017,9.5,1.0708790395856016,0.02,False,-0.09710390231725585
2025-08-23,2025-26_20250823_arsenal_leeds,ou25,under,0.4296972829478908,2.5,0.074243207369727,0.012373867894954501,False,0.028904929119521805
2025-08-24,2025-26_20250824_crystal_palace_nottm_forest,1x2,H,0.5015361884291549,2.35,0.17861004280851422,0.02,False,-0.06331281043094816
2025-08-24,2025-26_20250824_crystal_palace_nottm_forest,ou25,over,0.5705478836176876,2.1,0.19815055559714412,0.02,False,-0.11847826086956492
2025-08-24,2025-26_20250824_everton_brighton,1x2,H,0.36362345530859597,3.1,0.1272327114566476,0.015146751363886619,True,-0.04076416054834475
2025-08-24,2025-26_20250824_everton_brighton,ou25,over,0.5398865680520266,2.0,0.07977313610405323,0.019943284026013308,False,-0.04171881518564857
2025-08-24,2025-26_20250824_fulham_man_united,1x2,H,0.44478001908881565,3.25,0.4455350620386509,0.02,False,-0.10886642731961882
2025-08-25,2025-26_20250825_newcastle_liverpool,ou25,over,0.7327837537590549,1.57,0.15047049340171625,0.02,True,-0.04875516528925594
2025-08-30,2025-26_20250830_chelsea_fulham,1x2,A,0.2529549568200862,5.25,0.3280135233054524,0.01929491313561485,False,-0.09421370220003122
2025-08-30,2025-26_20250830_man_united_burnley,1x2,A,0.23016627502896075,8.0,0.841330200231686,0.02,False,-0.07599689530970455
2025-08-30,2025-26_20250830_tottenham_bournemouth,1x2,A,0.4249616290078281,4.2,0.784838841832878,0.02,True,0.02002340789417789
2025-08-30,2025-26_20250830_tottenham_bournemouth,ou25,over,0.6812903700930586,1.57,0.06962588104610212,0.02,False,-0.08756493506493479
2025-08-30,2025-26_20250830_wolves_everton,1x2,A,0.38232585870825964,2.75,0.051396111447713944,0.007342301635387706,True,0.08276068897688127
2025-08-30,2025-26_20250830_leeds_newcastle,1x2,H,0.305128914000131,3.5,0.06795119900045843,0.006795119900045843,False,0.07632011183223963
2025-08-30,2025-26_20250830_leeds_newcastle,ou25,over,0.5971697913020294,1.8,0.074905624343653,0.02,False,-0.12120418848167525
2025-08-31,2025-26_20250831_brighton_man_city,1x2,H,0.32626106438965585,3.8,0.23979204468069226,0.02,True,-0.026783989734594504
2025-08-31,2025-26_20250831_nottm_forest_west_ham,1x2,A,0.29258017207767906,5.25,0.5360459034078151,0.02,True,-0.039062288014253044
2025-08-31,2025-26_20250831_liverpool_arsenal,ou25,over,0.6361246427254863,1.73,0.10049563191509137,0.02,False,-0.032850732168162367
2025-08-31,2025-26_20250831_aston_villa_crystal_palace,1x2,A,0.3204229303660504,4.0,0.2816917214642016,0.02,True,-0.030713941749091034
2025-08-31,2025-26_20250831_aston_villa_crystal_palace,ou25,over,0.596895907629719,1.98,0.18185389710684352,0.02,True,-0.05130162703379204
2025-09-13,2025-26_20250913_arsenal_nottm_forest,1x2,A,0.18041530732350325,8.0,0.443322458588026,0.015832944949572356,False,-0.12713465708617633
2025-09-13,2025-26_20250913_bournemouth_brighton,1x2,H,0.4657490444951344,2.35,0.09451025456356588,0.01750189899325294,True,-0.07110778680365681
2025-09-13,2025-26_20250913_bournemouth_brighton,ou25,over,0.6389875890233113,1.67,0.06710927366892983,0.02,True,-0.028043478260869503
2025-09-13,2025-26_20250913_everton_aston_villa,ou25,over,0.5178136928086932,2.05,0.061518070257820856,0.014647159585195444,False,-0.10712932758076399
2025-09-13,2025-26_20250913_newcastle_wolves,1x2,A,0.18652094220881782,7.0,0.3056465954617247,0.012735274810905195,False,-0.30138518271014236
2025-09-13,2025-26_20250913_newcastle_wolves,ou25,over,0.5974856746302274,1.8,0.07547421433440937,0.02,False,0.016015994948963996
2025-09-13,2025-26_20250913_west_ham_tottenham,1x2,H,0.3547717367757453,3.4,0.20622390503753407,0.02,False,-0.0421021116170186
2025-09-13,2025-26_20250913_west_ham_tottenham,ou25,over,0.6020486432487964,1.8,0.08368755784783355,0.02,True,-0.010130074891604224
2025-09-13,2025-26_20250913_brentford_chelsea,1x2,H,0.3589696989879546,4.5,0.6153636454457958,0.02,False,0.02946217050113753
2025-09-13,2025-26_20250913_brentford_chelsea,ou25,over,0.624887547946959,1.73,0.08105545794823898,0.02,True,-0.032850732168162367
2025-09-14,2025-26_20250914_burnley_liverpool,ou25,over,0.7156834580741989,1.53,0.09499569085352433,0.02,False,-0.028103448275862197
2025-09-20,2025-26_20250920_liverpool_everton,1x2,A,0.16352670323274482,6.5,0.0629235710128413,0.0028601623187655134,False,-0.056616587109787786
2025-09-20,2025-26_20250920_brighton_tottenham,1x2,H,0.4775664397855116,2.25,0.0745244895174011,0.014904897903480218,False,-0.03609832016736503
2025-09-20,2025-26_20250920_brighton_tottenham,ou25,over,0.6301591761328925,1.67,0.05236582414193047,0.019539486620123312,True,-0.02336909871244619
2025-09-20,2025-26_20250920_burnley_nottm_forest,1x2,A,0.4807460190643877,2.2,0.05764124194165299,0.012008592071177705,False,-0.048783831289034185
2025-09-20,2025-26_20250920_burnley_nottm_forest,ou25,over,0.5325765981698999,2.0,0.06515319633979977,0.016288299084949942,False,-0.07401728832377263
2025-09-20,2025-26_20250920_west_ham_crystal_palace,1x2,A,0.49296147975901183,2.38,0.173248321826448,0.02,True,-0.0066973761054515135
2025-09-20,2025-26_20250920_west_ham_crystal_palace,ou25,over,0.598035563307354,2.05,0.2259729047800756,0.02,True,-0.004523435454307334
2025-09-20,2025-26_20250920_wolves_leeds,1x2,H,0.38983692904138656,2.7,0.05255970841174373,0.00772936888407996,False,-0.0773975165962999
2025-09-20,2025-26_20250920_fulham_brentford,1x2,A,0.374486070504615,3.8,0.4230470679175371,0.02,False,-0.00852413958495446
2025-09-21,2025-26_20250921_bournemouth_newcastle,1x2,H,0.41295534420534386,2.5,0.03238836051335969,0.0053980600855599485,False,-0.03219040697787412
2025-09-21,2025-26_20250921_bournemouth_newcastle,ou25,over,0.5877403022717212,1.83,0.07556475315724986,0.02,False,-0.04682728410513126
2025-09-21,2025-26_20250921_arsenal_man_city,1x2,A,0.2896850013982053,3.8,0.1008030053131801,0.009000268331533938,False,-0.02249450069716097
2025-09-21,2025-26_20250921_arsenal_man_city,ou25,over,0.5803436761156701,1.8,0.04461861700820613,0.013943317815064415,False,-0.04722111155537767
2025-09-27,2025-26_20250927_brentford_man_united,1x2,H,0.4630677860350546,3.4,0.5744304725191856,0.02,True,-0.028172106616024317
2025-09-27,2025-26_20250927_chelsea_brighton,1x2,A,0.27384486686477927,3.8,0.04061049408616113,0.0036259369719786726,True,-0.0845698048002671
2025-09-27,2025-26_20250927_crystal_palace_liverpool,1x2,H,0.2818185568751979,3.8,0.07091051612575194,0.0063312960826564235,True,-0.15253018366688742
2025-09-27,2025-26_20250927_crystal_palace_liverpool,ou25,over,0.6503458776790126,1.73,0.1250983683846918,0.02,True,-0.03750327653997376
2025-09-27,2025-26_20250927_man_city_burnley,1x2,A,0.10333286330642413,15.0,0.549992949596362,0.009821302671363608,False,-0.12340761301825931
2025-09-27,2025-26_20250927_nottm_forest_sunderland,1x2,A,0.33005639885727783,4.5,0.4852537948577502,0.02,True,-0.10416448267527534
2025-09-27,2025-26_20250927_nottm_forest_sunderland,ou25,under,0.6483640611516872,1.85,0.19947351313062134,0.02,True,-0.040899515483463045
2025-09-27,2025-26_20250927_tottenham_wolves,1x2,A,0.2909207597030231,6.0,0.7455245582181387,0.02,False,-0.019985405447549898
2025-09-28,2025-26_20250928_aston_villa_fulham,1x2,A,0.3061212469600735,3.4,0.04081223966424985,0.004251274965026026,False,-0.011943997436815734
2025-09-28,2025-26_20250928_aston_villa_fulham,ou25,over,0.527211954901192,2.1,0.1071451052925032,0.02,True,-0.060479797979797856
2025-09-28,2025-26_20250928_newcastle_arsenal,1x2,H,0.34435717678508887,3.6,0.2396858364263199,0.02,False,-0.08090121149307516
2025-09-28,2025-26_20250928_newcastle_arsenal,ou25,over,0.5294662146086806,2.1,0.11187905067822923,0.02,True,-0.12222077583962487
2025-09-29,2025-26_20250929_everton_west_ham,1x2,A,0.2806267294272208,5.0,0.4031336471361038,0.02,False,-0.1352218796873612
2025-10-03,2025-26_20251003_bournemouth_fulham,1x2,A,0.2698977447162843,3.9,0.05260120439350868,0.004534586585647301,False,-0.05401907635442926
2025-10-04,2025-26_20251004_leeds_tottenham,1x2,H,0.42921322517388993,2.7,0.1588757079695029,0.02,False,-0.05102042867102752
2025-10-04,2025-26_20251004_arsenal_west_ham,1x2,A,0.16431595805272253,17.0,1.7933712868962832,0.02,False,0.0005830228128802517
2025-10-04,2025-26_20251004_arsenal_west_ham,ou25,under,0.4511496603548514,2.5,0.1278741508871284,0.02,True,-0.11544132601179558
2025-10-04,2025-26_20251004_man_united_sunderland,1x2,A,0.3096136557237159,5.75,0.7802785204113665,0.02,False,-0.06648606109124511
2025-10-04,2025-26_20251004_man_united_sunderland,ou25,under,0.518001106809276,2.3,0.19140254566133486,0.02,True,0.01037427085807785
2025-10-04,2025-26_20251004_chelsea_liverpool,1x2,A,0.45507100065719175,2.3,0.04666330151154097,0.008973711829142495,False,-0.04842433463677387
2025-10-04,2025-26_20251004_chelsea_liverpool,ou25,over,0.6903122786957575,1.53,0.05617778640450899,0.02,True,-0.02707732168258492
2025-10-05,2025-26_20251005_aston_villa_burnley,1x2,H,0.6910666679702825,1.6,0.10570666875245194,0.02,True,-0.05264656801928025
2025-10-05,2025-26_20251005_aston_villa_burnley,ou25,over,0.6561369761288341,1.98,0.2991512127350917,0.02,True,-0.009999999999999787
2025-10-05,2025-26_20251005_everton_crystal_palace,1x2,A,0.4009568034973676,3.0,0.20287041049210286,0.02,False,-0.023683533756548636
2025-10-05,2025-26_20251005_everton_crystal_palace,ou25,over,0.534567669433963,2.2,0.17604887275471892,0.02,True,-0.04626134112003333
2025-10-05,2025-26_20251005_newcastle_nottm_forest,1x2,A,0.22791536563639408,5.5,0.25353451100016744,0.014085250611120414,False,-0.1234304957221648
2025-10-05,2025-26_20251005_wolves_brighton,1x2,H,0.30734395466137304,3.6,0.10643823678094289,0.01023444584432143,False,-0.08981121335758935
2025-10-05,2025-26_20251005_brentford_man_city,1x2,H,0.31784788364318606,4.75,0.5097774473051337,0.02,False,-0.10309484814454162
2025-10-18,2025-26_20251018_nottm_forest_chelsea,1x2,H,0.29149846681381697,3.7,0.07854432721112281,0.007272622889918779,False,0.10919838481844879
2025-10-18,2025-26_20251018_brighton_newcastle,ou25,over,0.5705007621588807,1.88,0.07254143285869552,0.02,True,0.01964203447271573
2025-10-18,2025-26_20251018_crystal_palace_bournemouth,1x2,A,0.3398357314498335,3.25,0.10446612721195869,0.01160734746799541,False,-0.09237048157874317
2025-10-18,2025-26_20251018_crystal_palace_bournemouth,ou25,over,0.618359558717398,1.95,0.2058011394989261,0.02,True,0.020780618233990023
2025-10-18,2025-26_20251018_man_city_everton,1x2,A,0.20920069284710707,7.0,0.4644048499297495,0.01935020208040623,False,-0.22452530159737139
2025-10-18,2025-26_20251018_sunderland_wolves,1x2,H,0.4218374479213981,2.5,0.05459361980349531,0.009098936633915885,True,-0.0804579324690905
2025-10-18,2025-26_20251018_fulham_arsenal,1x2,H,0.2485177414008884,5.75,0.42897701305510827,0.02,False,-0.2526577620344741
2025-10-19,2025-26_20251019_tottenham_aston_villa,1x2,A,0.3769763474367632,3.5,0.31941721602867124,0.02,True,0.0390769647641267
2025-10-19,2025-26_20251019_tottenham_aston_villa,ou25,over,0.5708254422928101,1.83,0.044610559395842575,0.013436915480675474,True,-0.051268169370128236
2025-10-19,2025-26_20251019_liverpool_man_united,1x2,H,0.6487002534755492,1.6,0.03792040556087861,0.01580016898369942,False,-0.039516873428438015
2025-10-20,2025-26_20251020_west_ham_brentford,1x2,A,0.4760359042945971,2.88,0.37098340436843946,0.02,True,-0.03302938983259984
2025-10-20,2025-26_20251020_west_ham_brentford,ou25,over,0.5576185069468225,1.9,0.05947516319896273,0.01652087866637854,False,-0.07238219895287956
2025-10-24,2025-26_20251024_leeds_west_ham,1x2,A,0.22372054494879778,4.75,0.06267258850678958,0.0041781725671193055,False,-0.0522020582934869
2025-10-25,2025-26_20251025_chelsea_sunderland,1x2,A,0.23440971808008,9.0,1.10968746272072,0.02,True,0.07165483270784367
2025-10-25,2025-26_20251025_chelsea_sunderland,ou25,under,0.5083242691831595,2.1,0.0674809652846351,0.015336583019235248,False,-0.09106211474632486
2025-10-25,2025-26_20251025_newcastle_fulham,1x2,A,0.237543342716595,5.5,0.3064883849412725,0.01702713249673736,False,-0.1290728114441293
2025-10-25,2025-26_20251025_newcastle_fulham,ou25,over,0.5357254264939759,1.93,0.033950073133373504,0.009126363745530513,True,0.020438046742394578
2025-10-25,2025-26_20251025_man_united_brighton,1x2,A,0.359047977516071,3.5,0.2566679213062484,0.02,False,-0.05201872427921439
2025-10-25,2025-26_20251025_brentford_liverpool,1x2,H,0.272122679027646,4.1,0.11570298401334833,0.009330885807528092,True,-0.07647449010895513
2025-10-25,2025-26_20251025_brentford_liverpool,ou25,over,0.6869499896815767,1.53,0.0510334842128124,0.02,True,-0.061798394566224046
2025-10-26,2025-26_20251026_arsenal_crystal_palace,1x2,A,0.2506030623467126,7.5,0.8795229676003444,0.02,False,-0.22952906441095622
2025-10-26,2025-26_20251026_arsenal_crystal_palace,ou25,over,0.6123445800483984,1.73,0.059356123483729206,0.02,False,-0.012337184873949303
2025-10-26,2025-26_20251026_aston_villa_man_city,1x2,H,0.3204820019221277,4.33,0.3876870683228131,0.02,True,-0.02752210253119569
2025-10-26,2025-26_20251026_bournemouth_nottm_forest,ou25,over,0.5620190737534715,1.88,0.05659585865652628,0.016078368936513147,False,-0.013160241279832396
2025-10-26,2025-26_20251026_wolves_burnley,1x2,H,0.5502403024379123,1.95,0.07296858975392895,0.01920226046156025,False,-0.012514903846129188
2025-10-26,2025-26_20251026_wolves_burnley,ou25,over,0.5210121285805588,2.3,0.1983278957352852,0.02,True,-0.04293309931860412
2025-11-01,2025-26_20251101_brighton_leeds,1x2,A,0.3353677032452508,4.0,0.3414708129810031,0.02,False,-0.0005518422851795712
2025-11-01,2025-26_20251101_brighton_leeds,ou25,under,0.5311569617109113,2.0,0.062313923421822626,0.015578480855455656,False,-0.018320770519262952
2025-11-01,2025-26_20251101_burnley_arsenal,1x2,H,0.11981028895367427,10.0,0.1981028895367427,0.0055028580426872975,False,-0.2722208593359614
2025-11-01,2025-26_20251101_crystal_palace_brentford,1x2,A,0.32229231823782944,3.9,0.2569400411275349,0.02,False,-0.011633159250330816
2025-11-01,2025-26_20251101_crystal_palace_brentford,ou25,over,0.6406018160234503,1.73,0.10824114172056909,0.02,False,-0.08684252386002123
2025-11-01,2025-26_20251101_fulham_wolves,1x2,A,0.29421827964250846,4.5,0.32398225839128814,0.02,False,-0.12566536083921087
2025-11-01,2025-26_20251101_nottm_forest_man_united,1x2,H,0.3624575497750094,3.3,0.19610991425753088,0.02,False,-0.08210291170356065
2025-11-01,2025-26_20251101_tottenham_chelsea,1x2,A,0.42613747571778815,2.5,0.06534368929447032,0.01089061488241172,True,-0.05083152415172665
2025-11-01,2025-26_20251101_tottenham_chelsea,ou25,over,0.6073121775557703,1.73,0.05065006717148246,0.017345913414891254,False,-0.06439705107951554
2025-11-02,2025-26_20251102_west_ham_newcastle,1x2,H,0.21037582839535535,5.25,0.10447309907561553,0.0061454764162126784,True,-0.03547643325997596
2025-11-02,2025-26_20251102_west_ham_newcastle,ou25,over,0.5735524935049374,1.8,0.03239448830888736,0.0101232775965273,True,0.0014416775884666944
2025-11-02,2025-26_20251102_man_city_bournemouth,1x2,A,0.24353569258493862,5.75,0.40033023236339704,0.02,False,-0.2087939065559209
2025-11-03,2025-26_20251103_sunderland_everton,1x2,H,0.40318070842532217,2.7,0.08858791274836997,0.013027634227701465,False,-0.2102409184983508
2025-11-08,2025-26_20251108_tottenham_man_united,ou25,over,0.6200270796997506,1.67,0.035445223098583334,0.013225829514396768,True,-0.057362938019572485
2025-11-08,2025-26_20251108_everton_fulham,1x2,A,0.32477630335576835,3.4,0.10423943140961245,0.010858274105167964,False,-0.01502285737739062
2025-11-08,2025-26_20251108_everton_fulham,ou25,over,0.4734499008575102,2.2,0.041589781886522514,0.008664537893025523,False,-0.023984272608125634
2025-11-08,2025-26_20251108_west_ham_burnley,ou25,over,0.5888944590512079,2.0,0.1777889181024157,0.02,True,-0.023560209424083656
2025-11-08,2025-26_20251108_sunderland_arsenal,1x2,H,0.23715427521557836,7.5,0.7786570641168378,0.02,False,-0.11992295013333942
2025-11-08,2025-26_20251108_sunderland_arsenal,ou25,under,0.6085953721774583,1.8,0.0954716699194249,0.02,False,0.014164904862579375
2025-11-08,2025-26_20251108_chelsea_wolves,1x2,A,0.20240826619080515,8.5,0.7204702626218438,0.02,False,-0.14406393476811674
2025-11-08,2025-26_20251108_chelsea_wolves,ou25,under,0.4584634805710339,2.3,0.05446600531337786,0.010474231791034206,False,-0.08466993163962833
2025-11-09,2025-26_20251109_aston_villa_bournemouth,1x2,A,0.34013266605963494,3.25,0.10543116469381353,0.01171457385486817,False,-0.01461855859277783
2025-11-09,2025-26_20251109_aston_villa_bournemouth,ou25,over,0.5594196464284614,1.88,0.05170893528550735,0.014690038433382771,True,-0.04770084262312235
2025-11-09,2025-26_20251109_brentford_newcastle,1x2,H,0.3833085324011537,2.8,0.07326389072323036,0.01017554037822644,True,-0.07029750787317224
2025-11-09,2025-26_20251109_brentford_newcastle,ou25,over,0.5621151567209104,1.85,0.039913039933684225,0.011739129392260066,True,0.007487476066829535
2025-11-09,2025-26_20251109_crystal_palace_brighton,1x2,H,0.46535436072652,2.25,0.04704731163466991,0.009409462326933982,False,-0.09545219524925486
2025-11-09,2025-26_20251109_crystal_palace_brighton,ou25,over,0.6214614536271705,1.73,0.07512831477500503,0.02,False,-0.10311143880345464
2025-11-09,2025-26_20251109_nottm_forest_leeds,1x2,A,0.3527123459611488,3.3,0.1639507416717909,0.017820732790412058,False,-0.11736721639904102
2025-11-09,2025-26_20251109_man_city_liverpool,1x2,A,0.3670932102543194,3.7,0.3582448779409819,0.02,False,-0.06985772268921675
2025-11-09,2025-26_20251109_man_city_liverpool,ou25,over,0.6867071562796393,1.5,0.030060734419459,0.0150303672097295,True,-0.025454704223946356
2025-11-22,2025-26_20251122_burnley_chelsea,ou25,over,0.6520149329348364,1.8,0.1736268792827056,0.02,False,0.022728345527495808
2025-11-22,2025-26_20251122_bournemouth_west_ham,1x2,A,0.23064645329764166,4.75,0.09557065316379787,0.006371376877586525,False,-0.12156881584995849
2025-11-22,2025-26_20251122_brighton_brentford,1x2,A,0.3687504006129523,4.0,0.4750016024518091,0.02,False,0.07919892250119331
2025-11-22,2025-26_20251122_fulham_sunderland,1x2,A,0.3254867181471065,3.75,0.2205751930516493,0.02,False,-0.09617884363995988
2025-11-22,2025-26_20251122_wolves_crystal_palace,ou25,over,0.5437526355366129,2.05,0.11469290285005629,0.02,False,0.01960866820955176
2025-11-22,2025-26_20251122_newcastle_man_city,1x2,H,0.36999550656825364,3.6,0.3319838236457131,0.02,True,-0.14026575941648511
2025-11-23,2025-26_20251123_leeds_aston_villa,1x2,H,0.43684833447799243,3.0,0.3105450034339774,0.02,False,-0.11878975636824407
2025-11-23,2025-26_20251123_arsenal_tottenham,1x2,A,0.17567079937465396,7.5,0.3175309953099048,0.012212730588842492,False,-0.0959488483957448
2025-11-24,2025-26_20251124_man_united_everton,1x2,A,0.2988610896357403,4.33,0.2940685181227556,0.02,True,0.021379858625303783
2025-11-29,2025-26_20251129_brentford_burnley,1x2,H,0.7250824969418188,1.45,0.05136962056563732,0.02,True,-0.050284295985065675
2025-11-29,2025-26_20251129_brentford_burnley,ou25,over,0.7031306216324696,1.73,0.21641597542417257,0.02,True,-0.085306828567698
2025-11-29,2025-26_20251129_man_city_leeds,1x2,A,0.17740106620309623,12.0,1.1288127944371547,0.02,False,-0.19716156499111803
2025-11-29,2025-26_20251129_man_city_leeds,ou25,under,0.45421998341928627,2.5,0.1355499585482156,0.02,False,-0.20072842553603387
2025-11-29,2025-26_20251129_tottenham_fulham,1x2,A,0.36113275608232587,3.3,0.19173809507167539,0.02,True,0.02752773160819788
2025-11-30,2025-26_20251130_crystal_palace_man_united,1x2,H,0.5131431445455119,2.3,0.18022923245467726,0.02,False,0.07519959328193138
2025-11-30,2025-26_20251130_crystal_palace_man_united,ou25,over,0.6253218242613984,1.73,0.08180675597221909,0.02,True,-0.03569145466405743
2025-11-30,2025-26_20251130_aston_villa_wolves,1x2,A,0.23713964372551238,6.5,0.5414076842158304,0.02,False,-0.16429509914956886
2025-11-30,2025-26_20251130_nottm_forest_brighton,1x2,A,0.3923295136610975,2.63,0.03182662092868638,0.004881383578019384,True,-0.0007829913929938703
2025-11-30,2025-26_20251130_west_ham_liverpool,1x2,A,0.6439180407496293,1.67,0.07534312805188104,0.02,True,0.02377365623527372
2025-11-30,2025-26_20251130_west_ham_liverpool,ou25,over,0.7022633899005657,1.53,0.07446298654786543,0.02,False,-0.041451612903225854
2025-11-30,2025-26_20251130_chelsea_arsenal,1x2,H,0.3503161151781605,3.4,0.1910747916057458,0.019903624125598523,False,0.035508976461382735
2025-11-30,2025-26_20251130_chelsea_arsenal,ou25,over,0.547182193064669,1.98,0.08342074226804463,0.02,False,-0.09698546248469031
2025-12-02,2025-26_20251202_bournemouth_everton,1x2,H,0.5137029196054547,2.2,0.13014642313200042,0.02,False,-0.03512652216453427
2025-12-02,2025-26_20251202_fulham_man_city,1x2,H,0.29159924914564994,4.33,0.26262474880066433,0.019716572732782607,False,-0.22613633873402017
2025-12-02,2025-26_20251202_fulham_man_city,ou25,under,0.47413657145929,2.2,0.04310045721043809,0.008979261918841267,False,-0.021658986175114858
2025-12-02,2025-26_20251202_newcastle_tottenham,ou25,over,0.5988869779511496,1.73,0.03607447185548884,0.01235427118338659,True,-0.021732662895453503
2025-12-03,2025-26_20251203_arsenal_brentford,1x2,A,0.24895877093833,8.5,1.1161495529758048,0.02,False,-0.02556646394436246
2025-12-03,2025-26_20251203_burnley_crystal_palace,1x2,A,0.6376123489422256,1.75,0.11582161064889496,0.02,True,-0.02707452910091812
2025-12-03,2025-26_20251203_burnley_crystal_palace,ou25,over,0.6332204748185659,2.0,0.26644094963713183,0.02,False,-0.1309448983867587
2025-12-03,2025-26_20251203_wolves_nottm_forest,1x2,H,0.39209237972854155,3.25,0.27430023411776006,0.02,False,-0.002901363681720892
2025-12-03,2025-26_20251203_leeds_chelsea,1x2,H,0.3262665058904962,4.1,0.33769267415103443,0.02,True,-0.03925850573540146
2025-12-03,2025-26_20251203_liverpool_sunderland,1x2,A,0.15357154374923493,7.0,0.07500080624464456,0.0031250335935268567,False,-0.2469417586221614
2025-12-04,2025-26_20251204_man_united_west_ham,1x2,A,0.22210969399942185,6.0,0.33265816399653114,0.016632908199826556,False,-0.3275124680875171
2025-12-06,2025-26_20251206_aston_villa_arsenal,1x2,H,0.25964627451310857,4.2,0.09051435295505605,0.007071433824613754,True,-0.09580889650006763
2025-12-06,2025-26_20251206_aston_villa_arsenal,ou25,over,0.5043611781789132,2.1,0.059158474175717846,0.0134451077672086,True,-0.030110497237568867
2025-12-06,2025-26_20251206_bournemouth_chelsea,1x2,H,0.38792399327324834,3.1,0.20256437914706993,0.02,False,-0.11007888310235059
2025-12-06,2025-26_20251206_man_city_sunderland,1x2,A,0.15902636307851944,10.0,0.5902636307851945,0.016396211966255403,False,-0.18057250626920296
2025-12-06,2025-26_20251206_man_city_sunderland,ou25,under,0.4503558016401109,2.63,0.18443575831349168,0.02,False,-0.11716730984688128
2025-12-06,2025-26_20251206_newcastle_burnley,ou25,over,0.728291929385979,1.57,0.14341832913598695,0.02,True,-0.03727024801893586
2025-12-06,2025-26_20251206_tottenham_brentford,1x2,A,0.4479549577238296,3.0,0.34386487317148884,0.02,False,-0.026314095289376116
2025-12-06,2025-26_20251206_tottenham_brentford,ou25,over,0.5646590672603428,1.83,0.0333260930864272,0.010037979845309396,False,-0.11873183062987125
2025-12-06,2025-26_20251206_leeds_liverpool,1x2,H,0.30407641544301534,3.8,0.15549037868345827,0.013883069525308775,False,-0.2073097201646562
2025-12-07,2025-26_20251207_brighton_west_ham,1x2,A,0.23028127717925687,5.75,0.324117343780727,0.017058807567406683,False,0.023470241045696616
2025-12-07,2025-26_20251207_fulham_crystal_palace,1x2,A,0.40131118445424563,2.8,0.12367131647188767,0.017176571732206623,True,-0.07936875419744582
2025-12-07,2025-26_20251207_fulham_crystal_palace,ou25,over,0.5161135404443615,2.0,0.03222708088872306,0.008056770222180765,True,-0.02880335166273873
2025-12-08,2025-26_20251208_wolves_man_united,1x2,H,0.34784100985102206,4.2,0.4609322413742927,0.02,False,-0.2533642351765789
2025-12-08,2025-26_20251208_wolves_man_united,ou25,under,0.46937247391284775,2.2,0.0326194426082651,0.006795717210055229,False,-0.021658986175114858
2025-12-13,2025-26_20251213_chelsea_everton,1x2,A,0.23074742488913894,5.25,0.2114239806679794,0.01243670474517526,False,0.02854870376878771
2025-12-13,2025-26_20251213_liverpool_brighton,1x2,A,0.2344653888419734,4.75,0.11371059699937369,0.007580706466624913,False,0.06169588300357032
2025-12-13,2025-26_20251213_burnley_fulham,1x2,H,0.2617399485500047,4.0,0.046959794200018834,0.003913316183334903,False,-0.05031402490222958
2025-12-13,2025-26_20251213_burnley_fulham,ou25,over,0.5060216938546868,2.1,0.06264555709484232,0.014237626612464162,True,-0.04923343484196141
2025-12-13,2025-26_20251213_arsenal_wolves,1x2,A,0.1246969749284097,21.0,1.6186364734966037,0.02,False,-0.3625996721562854
2025-12-13,2025-26_20251213_arsenal_wolves,ou25,under,0.45808652534561944,2.5,0.1452163133640485,0.02,False,-0.15251014198782964
2025-12-14,2025-26_20251214_crystal_palace_man_city,1x2,H,0.3609856979963302,3.9,0.4078442221856877,0.02,False,-0.10737556183689245
2025-12-14,2025-26_20251214_sunderland_newcastle,ou25,under,0.5421722221017719,1.91,0.03554894421438415,0.009766193465490151,True,-0.04499999999999982
2025-12-14,2025-26_20251214_west_ham_aston_villa,1x2,H,0.3024036190079346,3.75,0.13401357127975477,0.01218305193452316,False,0.08668754241191179
2025-12-14,2025-26_20251214_brentford_leeds,1x2,H,0.5406788422085655,1.91,0.03269658861836011,0.008982579290758273,False,-0.16223431483737016
2025-12-14,2025-26_20251214_brentford_leeds,ou25,over,0.583863561934959,1.9,0.1093407676764222,0.02,False,-0.16415882967607087
2025-12-15,2025-26_20251215_man_united_bournemouth,1x2,A,0.3273838981335721,3.8,0.24405881290757403,0.02,False,-0.13206993469215011
2025-12-20,2025-26_20251220_newcastle_chelsea,1x2,H,0.4168432414610941,2.75,0.14631891401800878,0.02,False,-0.06663005806961919
2025-12-20,2025-26_20251220_bournemouth_burnley,1x2,H,0.6991920787537447,1.48,0.03480427655554208,0.01812722737267817,False,-0.017151110184552065
2025-12-20,2025-26_20251220_bournemouth_burnley,ou25,over,0.6709894439925432,1.67,0.12055237146754716,0.02,False,0.023463684317305944
2025-12-20,2025-26_20251220_brighton_sunderland,1x2,A,0.24939183356469383,5.25,0.3093071262146425,0.01819453683615544,False,0.09512569943301763
2025-12-20,2025-26_20251220_man_city_west_ham,1x2,A,0.1444959657756581,10.0,0.4449596577565811,0.012359990493238363,False,-0.3725766394575549
2025-12-20,2025-26_20251220_man_city_west_ham,ou25,under,0.35477968803253335,3.2,0.1352950017041068,0.015374432011830317,False,-0.11064616494566404
2025-12-20,2025-26_20251220_wolves_brentford,ou25,over,0.5205605866307603,2.0,0.04112117326152065,0.010280293315380162,False,-0.049829530553369916
2025-12-20,2025-26_20251220_tottenham_liverpool,1x2,A,0.5399175433263372,2.0,0.07983508665267447,0.019958771663168617,True,-0.04586106513476007
2025-12-20,2025-26_20251220_tottenham_liverpool,ou25,over,0.6511373677461185,1.67,0.08739940413601799,0.02,True,-0.11603292016526712
2025-12-20,2025-26_20251220_everton_arsenal,1x2,H,0.24695621616520483,5.75,0.4199982429499278,0.02,False,-0.1836704069141647
2025-12-20,2025-26_20251220_leeds_crystal_palace,ou25,over,0.530408136206079,2.1,0.1138570860327659,0.02,True,-0.20377004607134752
2025-12-21,2025-26_20251221_aston_villa_man_united,1x2,A,0.3408550951611963,3.3,0.1248218140319477,0.013567588481733447,False,-0.1460442562606531
2025-12-22,2025-26_20251222_fulham_nottm_forest,1x2,H,0.4345052672316084,2.4,0.04281264135586027,0.007645114527832192,True,-0.12054013175495848
2025-12-26,2025-26_20251226_man_united_newcastle,1x2,H,0.4105031436433364,2.55,0.04678301629050785,0.007545647788791589,True,-0.007664695290605761
2025-12-27,2025-26_20251227_nottm_forest_man_city,1x2,H,0.2607517344467122,5.0,0.303758672233561,0.018984917014597563,False,-0.144305587605013
2025-12-27,2025-26_20251227_arsenal_brighton,1x2,A,0.20054649177723255,7.0,0.4038254424406278,0.016826060101692825,False,-0.3392772954270511
2025-12-27,2025-26_20251227_brentford_bournemouth,ou25,over,0.6280100109589035,1.67,0.04877671830136876,0.018200268022898793,True,-0.12579300899960866
2025-12-27,2025-26_20251227_burnley_everton,1x2,H,0.28166226487910595,4.1,0.15481528600433436,0.012485103710026967,False,0.06070031920899721
2025-12-27,2025-26_20251227_burnley_everton,ou25,over,0.49509482365987956,2.2,0.08920861205173503,0.018585127510778128,False,-0.16063694267515882
2025-12-27,2025-26_20251227_liverpool_wolves,1x2,A,0.14125788111927035,10.0,0.41257881119270357,0.011460522533130655,False,-0.23854909884208264
2025-12-27,2025-26_20251227_liverpool_wolves,ou25,under,0.3937432839256144,2.63,0.035544836724365814,0.005451662074289236,False,-0.09787284144427
2025-12-27,2025-26_20251227_west_ham_fulham,1x2,A,0.4216850466598791,2.6,0.09638112131568577,0.015059550205575901,True,0.027681178704294762
2025-12-28,2025-26_20251228_crystal_palace_tottenham,1x2,H,0.5289623646922585,2.25,0.19016532055758173,0.02,False,-0.03900574064263895
2025-12-28,2025-26_20251228_crystal_palace_tottenham,ou25,over,0.5817484942323657,2.0,0.16349698846473149,0.02,False,-0.010520501827937068
2025-12-30,2025-26_20251230_burnley_newcastle,1x2,H,0.21280009833020427,5.25,0.11720051623357253,0.006894148013739561,False,-0.17188646756691062
2025-12-30,2025-26_20251230_chelsea_bournemouth,1x2,A,0.2879391308944864,5.75,0.655650002643297,0.02,False,-0.023189449334305445
2025-12-30,2025-26_20251230_nottm_forest_everton,1x2,A,0.33075203304134304,3.7,0.22378252225296924,0.02,True,-0.21598571557132495
2025-12-30,2025-26_20251230_west_ham_brighton,1x2,H,0.3034446545175298,3.4,0.03171182535960115,0.0033033151416251203,False,-0.0681947199047852
2025-12-30,2025-26_20251230_arsenal_aston_villa,1x2,A,0.18179614617299172,7.0,0.272573023210942,0.011357209300455917,False,-0.2154871907789757
2025-12-30,2025-26_20251230_man_united_wolves,1x2,A,0.20483188873963243,8.0,0.6386551099170594,0.02,False,-0.09918348568466662
2026-01-01,2025-26_20260101_crystal_palace_fulham,1x2,H,0.4933150902996177,2.15,0.06062744414417787,0.013179879161777798,False,-0.0818261973779878
2026-01-01,2025-26_20260101_crystal_palace_fulham,ou25,over,0.5285560851002875,2.1,0.10996777871060393,0.02,False,-0.05484824595979487
2026-01-01,2025-26_20260101_liverpool_leeds,1x2,A,0.22419911826639613,5.5,0.2330951504651788,0.012949730581398823,False,-0.2858155805608005
2026-01-01,2025-26_20260101_brentford_tottenham,1x2,H,0.5204898490213514,2.1,0.09302868294483813,0.02,False,-0.18620020674359627
2026-01-01,2025-26_20260101_brentford_tottenham,ou25,over,0.587559132636695,1.93,0.1339891259888213,0.02,False,-0.07525865665415088
2026-01-01,2025-26_20260101_sunderland_man_city,1x2,H,0.22127000097457872,7.5,0.6595250073093404,0.02,False,-0.09006854084076088
2026-01-01,2025-26_20260101_sunderland_man_city,ou25,under,0.519391415141202,2.3,0.1946002548247645,0.02,True,-0.023865443265646547
2026-01-03,2025-26_20260103_aston_villa_nottm_forest,1x2,A,0.26034293375537804,4.5,0.17154320189920114,0.012253085849942938,False,0.007873428248186487
2026-01-03,2025-26_20260103_brighton_burnley,1x2,A,0.16972836290430893,7.0,0.1880985403301625,0.007837439180423436,False,-0.13192734487880753
2026-01-03,2025-26_20260103_brighton_burnley,ou25,over,0.6671045834330798,1.73,0.15409092933922808,0.02,False,-0.032850732168162367
2026-01-03,2025-26_20260103_wolves_west_ham,1x2,H,0.41763802492370616,2.5,0.0440950623092653,0.007349177051544216,True,-0.10804906699392736
2026-01-03,2025-26_20260103_wolves_west_ham,ou25,over,0.5224178496921454,1.98,0.03438734239044794,0.008772281222053046,True,0.021272210376688028
2026-01-03,2025-26_20260103_bournemouth_arsenal,1x2,H,0.3030792933573373,6.5,0.9700154068226925,0.02,False,-0.028161209948211696
2026-01-03,2025-26_20260103_bournemouth_arsenal,ou25,under,0.44816851239728506,2.3,0.030787578513755465,0.005920688175722205,False,-0.04913419913419925
2026-01-04,2025-26_20260104_leeds_man_united,1x2,H,0.45086687328546476,2.7,0.217340557870755,0.02,False,-0.05105478510866679
2026-01-04,2025-26_20260104_leeds_man_united,ou25,over,0.5818253860453818,1.83,0.06474045646304871,0.01950013748887009,False,-0.12577540106951857
2026-01-04,2025-26_20260104_everton_brentford,1x2,A,0.3920779723349528,3.1,0.21544171423835357,0.02,True,-0.024806565597834007
2026-01-04,2025-26_20260104_everton_brentford,ou25,over,0.504287962187325,2.2,0.109433516812115,0.02,True,-0.038100593727931176
2026-01-04,2025-26_20260104_newcastle_crystal_palace,1x2,A,0.29948162373558584,4.75,0.42253771274403285,0.02,False,-0.1330522553373269
2026-01-04,2025-26_20260104_newcastle_crystal_palace,ou25,over,0.6047641805397106,1.8,0.08857552497147902,0.02,False,-0.01691723373951559
2026-01-04,2025-26_20260104_tottenham_sunderland,1x2,A,0.2820235431027747,4.5,0.2691059439624863,0.019221853140177596,False,0.03384807567143655
2026-01-04,2025-26_20260104_fulham_liverpool,ou25,over,0.5797209220238136,1.8,0.04349765964286467,0.01359301863839521,True,-0.11648869346733659
2026-01-04,2025-26_20260104_man_city_chelsea,1x2,A,0.24513086545048132,4.5,0.10308889452716596,0.00736349246622614,False,-0.3316042449979032
2026-01-07,2025-26_20260107_bournemouth_tottenham,1x2,H,0.5078344234309697,2.1,0.06645228920503654,0.015102793001144667,True,-0.08832091406953935
2026-01-07,2025-26_20260107_brentford_sunderland,ou25,over,0.5090818825853618,2.05,0.043617859299991624,0.010385204595236102,True,-0.201286741111539
2026-01-07,2025-26_20260107_crystal_palace_aston_villa,1x2,H,0.4870978282446926,3.1,0.5100032675585471,0.02,False,-0.02099868920355874
2026-01-07,2025-26_20260107_crystal_palace_aston_villa,ou25,over,0.6075445388845248,1.93,0.17256096004713273,0.02,False,0.002928414212346908
2026-01-07,2025-26_20260107_everton_wolves,1x2,A,0.28140241693943824,5.0,0.4070120846971912,0.02,False,0.040788688043793986
2026-01-07,2025-26_20260107_fulham_chelsea,1x2,H,0.3319200355278653,3.4,0.12852812079474196,0.013388345916118954,True,-0.11118190763807578
2026-01-07,2025-26_20260107_man_city_brighton,1x2,A,0.22585297186499914,6.5,0.4680443171224944,0.02,False,0.0027617844316392137
2026-01-07,2025-26_20260107_burnley_man_united,1x2,H,0.23683006093337844,4.75,0.12494278943354753,0.008329519295569835,False,-0.09411774125236738
2026-01-07,2025-26_20260107_burnley_man_united,ou25,over,0.5984458131701527,1.73,0.03531125678436409,0.012092896159028798,True,-0.09645276292335103
2026-01-07,2025-26_20260107_newcastle_leeds,1x2,A,0.23763686734917538,5.0,0.18818433674587687,0.011761521046617304,False,-0.15072235556433577
2026-01-07,2025-26_20260107_newcastle_leeds,ou25,over,0.5718880944843064,1.83,0.04655521290628073,0.014022654489843592,True,-0.032434390912651656
2026-01-08,2025-26_20260108_arsenal_liverpool,1x2,A,0.3031880659939724,5.0,0.5159403299698622,0.02,False,-0.17427388897080298
2026-01-08,2025-26_20260108_arsenal_liverpool,ou25,over,0.6169401664592874,1.73,0.06730648797456729,0.02,False,-0.07759967086054032
2026-01-17,2025-26_20260117_man_united_man_city,1x2,H,0.3390465797530946,3.7,0.2544723450864501,0.02,True,
2026-01-17,2025-26_20260117_chelsea_brentford,1x2,A,0.3278676896512668,4.75,0.5573715258435172,0.02,False,
2026-01-17,2025-26_20260117_leeds_fulham,ou25,over,0.5147701749485785,2.1,0.08101736739201493,0.018413038043639755,False,
2026-01-17,2025-26_20260117_liverpool_burnley,ou25,over,0.696172177207847,1.57,0.09299031821631987,0.02,False,
2026-01-17,2025-26_20260117_sunderland_crystal_palace,1x2,A,0.47280413291404855,2.75,0.3002113655136336,0.02,False,
2026-01-17,2025-26_20260117_sunderland_crystal_palace,ou25,over,0.5067895162250028,2.2,0.11493693569500629,0.02,True,
2026-01-17,2025-26_20260117_tottenham_west_ham,1x2,A,0.2548539694108682,4.5,0.14684286234890687,0.010488775882064776,True,
2026-01-17,2025-26_20260117_nottm_forest_arsenal,1x2,H,0.22236906280308322,6.0,0.3342143768184993,0.016710718840924964,False,
2026-01-18,2025-26_20260118_wolves_newcastle,1x2,H,0.26674347037306256,4.75,0.26703148427204715,0.01780209895146981,False,
2026-01-18,2025-26_20260118_wolves_newcastle,ou25,under,0.49695345068037833,2.2,0.09329759149683237,0.019436998228506742,True,
2026-01-18,2025-26_20260118_aston_villa_everton,1x2,A,0.2771044177927855,5.25,0.4547981934121239,0.02,True,
2026-01-19,2025-26_20260119_brighton_bournemouth,1x2,A,0.37303308520858486,3.8,0.4175257237926224,0.02,False,
2026-01-24,2025-26_20260124_west_ham_sunderland,1x2,H,0.4136176436466152,2.5,0.03404410911653799,0.005674018186089665,True,
2026-01-24,2025-26_20260124_west_ham_sunderland,ou25,over,0.5121965947532865,2.1,0.07561284898190168,0.017184738404977654,True,
2026-01-24,2025-26_20260124_burnley_tottenham,ou25,over,0.5197270200555942,2.0,0.03945404011118847,0.009863510027797118,True,
2026-01-24,2025-26_20260124_man_city_wolves,1x2,A,0.15699632657128057,11.0,0.7269595922840864,0.018173989807102157,False,
2026-01-24,2025-26_20260124_man_city_wolves,ou25,under,0.4280566110031492,3.0,0.28416983300944754,0.02,True,
2026-01-24,2025-26_20260124_bournemouth_liverpool,1x2,H,0.32887992446956194,3.75,0.23329971676085726,0.02,True,
2026-01-25,2025-26_20260125_brentford_nottm_forest,1x2,H,0.5598172130630428,1.91,0.06925087695041166,0.01902496619516804,False,
2026-01-25,2025-26_20260125_brentford_nottm_forest,ou25,over,0.5658264718745329,1.98,0.12033641431157527,0.02,False,
2026-01-25,2025-26_20260125_crystal_palace_chelsea,1x2,H,0.3950840621898854,3.5,0.38279421766459887,0.02,False,
2026-01-25,2025-26_20260125_crystal_palace_chelsea,ou25,over,0.6167474671891714,1.73,0.0669731182372666,0.02,True,
2026-01-25,2025-26_20260125_newcastle_aston_villa,ou25,over,0.6174546969929595,1.67,0.031149343978242428,0.01162288954412031,False,
2026-01-25,2025-26_20260125_arsenal_man_united,1x2,A,0.22000276741859426,6.0,0.32001660451156555,0.01600083022557828,True,
2026-01-26,2025-26_20260126_everton_leeds,1x2,A,0.36217903727113265,2.9,0.05031920808628465,0.006620948432405876,False,
2026-01-26,2025-26_20260126_everton_leeds,ou25,over,0.4919005673661611,2.2,0.08218124820555461,0.01712109337615721,False,
2026-01-31,2025-26_20260131_brighton_everton,1x2,A,0.29315149720685224,4.1,0.20192113854809413,0.016283962786136624,False,
2026-01-31,2025-26_20260131_leeds_arsenal,1x2,H,0.28391161387415353,5.75,0.6324917797763829,0.02,False,
2026-01-31,2025-26_20260131_wolves_bournemouth,1x2,A,0.46782267335327493,2.3,0.07599214871253235,0.014613874752410069,True,
2026-01-31,2025-26_20260131_chelsea_west_ham,1x2,A,0.1919511866611502,6.0,0.15170711996690134,0.0075853559983450666,False,
2026-01-31,2025-26_20260131_liverpool_newcastle,1x2,A,0.2721275480704916,4.1,0.11572294708901554,0.009332495732985125,False,
2026-02-01,2025-26_20260201_aston_villa_brentford,1x2,A,0.37422283488723573,3.4,0.27235763861660156,0.02,True,
2026-02-01,2025-26_20260201_man_united_fulham,1x2,A,0.23373371292088513,5.0,0.1686685646044257,0.010541785287776606,False,
2026-02-01,2025-26_20260201_nottm_forest_crystal_palace,1x2,A,0.4132481234199029,3.9,0.6116676813376214,0.02,False,
2026-02-01,2025-26_20260201_nottm_forest_crystal_palace,ou25,over,0.5345710534852278,2.0,0.06914210697045564,0.01728552674261391,False,
2026-02-01,2025-26_20260201_tottenham_man_city,1x2,H,0.28552140079085686,4.5,0.28484630355885576,0.02,False,
2026-02-02,2025-26_20260202_sunderland_burnley,1x2,A,0.23262667198360243,4.75,0.10497669192211156,0.006998446128140771,False,
2026-02-02,2025-26_20260202_sunderland_burnley,ou25,over,0.5292194117794423,2.2,0.16428270591477312,0.02,True,
2026-02-06,2025-26_20260206_leeds_nottm_forest,1x2,H,0.48581582466856693,2.2,0.06879481427084744,0.014332252973093214,True,
2026-02-06,2025-26_20260206_leeds_nottm_forest,ou25,over,0.501541337010987,2.1,0.05323680772307271,0.012099274482516523,True,
2026-02-07,2025-26_20260207_man_united_tottenham,1x2,A,0.2552020636270589,5.0,0.2760103181352944,0.0172506448834559,False,
2026-02-07,2025-26_20260207_man_united_tottenham,ou25,under,0.429048966715042,2.75,0.1798846584663656,0.02,True,
2026-02-07,2025-26_20260207_arsenal_sunderland,1x2,A,0.12311638374090608,12.0,0.4773966048908731,0.010849922838428934,False,
2026-02-07,2025-26_20260207_bournemouth_aston_villa,1x2,H,0.4856854468672245,2.7,0.3113507065415062,0.02,False,
2026-02-07,2025-26_20260207_burnley_west_ham,1x2,H,0.314706949746493,3.3,0.038532934163426846,0.004188362409068135,False,
2026-02-07,2025-26_20260207_burnley_west_ham,ou25,over,0.5789317711567203,1.9,0.09997036519776858,0.02,False,
2026-02-07,2025-26_20260207_fulham_everton,1x2,A,0.3259047895024427,3.75,0.22214296063416028,0.02,True,
2026-02-07,2025-26_20260207_wolves_chelsea,1x2,H,0.2750449762441888,5.0,0.375224881220944,0.02,False,
2026-02-07,2025-26_20260207_newcastle_brentford,1x2,A,0.30618259709205764,3.5,0.07163908982220168,0.007163908982220168,True,
2026-02-07,2025-26_20260207_newcastle_brentford,ou25,over,0.6046920599660165,1.73,0.046117263741208614,0.01579358347301665,True,
2026-02-08,2025-26_20260208_brighton_crystal_palace,1x2,A,0.3623674641528814,3.9,0.41323311019623743,0.02,True,
2026-02-08,2025-26_20260208_brighton_crystal_palace,ou25,over,0.5918294242542015,1.8,0.06529296365756276,0.02,False,
2026-02-08,2025-26_20260208_liverpool_man_city,1x2,H,0.471447374281755,2.38,0.12204475079057686,0.02,False,
2026-02-10,2025-26_20260210_chelsea_leeds,1x2,A,0.2572957856044188,5.5,0.4151268208243033,0.02,False,
2026-02-10,2025-26_20260210_everton_bournemouth,1x2,A,0.4198395273482115,3.0,0.2595185820446346,0.02,True,
2026-02-10,2025-26_20260210_everton_bournemouth,ou25,over,0.5735660211555581,1.88,0.07830411977244922,0.02,True,
2026-02-10,2025-26_20260210_tottenham_newcastle,1x2,H,0.328763807827429,3.2,0.05204418504777286,0.005914111937246916,False,
2026-02-10,2025-26_20260210_west_ham_man_united,1x2,H,0.2864990795739125,4.5,0.2892458580826063,0.02,False,
2026-02-10,2025-26_20260210_west_ham_man_united,ou25,under,0.39658782133763026,2.63,0.043025970117967605,0.006599075171467425,True,
2026-02-11,2025-26_20260211_aston_villa_brighton,1x2,A,0.31606733556603084,3.8,0.20105587515091705,0.017951417424189025,False,
2026-02-11,2025-26_20260211_crystal_palace_burnley,1x2,H,0.6783930313748436,1.57,0.0650770592585046,0.02,False,
2026-02-11,2025-26_20260211_crystal_palace_burnley,ou25,over,0.6542954020971113,1.98,0.29550489615228037,0.02,True,
2026-02-11,2025-26_20260211_man_city_fulham,1x2,A,0.1883856475014601,7.0,0.3186995325102209,0.01327914718792587,False,
2026-02-11,2025-26_20260211_man_city_fulham,ou25,under,0.41342125220594916,2.5,0.03355313051487285,0.005592188419145476,False,
2026-02-11,2025-26_20260211_nottm_forest_wolves,1x2,A,0.30012527995677957,5.0,0.5006263997838978,0.02,False,
2026-02-11,2025-26_20260211_sunderland_liverpool,1x2,H,0.2314560294140458,4.75,0.09941613971671748,0.006627742647781165,False,
2026-02-12,2025-26_20260212_brentford_arsenal,1x2,H,0.2723115612388571,4.75,0.2934799158845711,0.019565327725638074,False,
2026-02-12,2025-26_20260212_brentford_arsenal,ou25,over,0.5806167030969761,1.88,0.09155940182231492,0.02,False,
2026-02-18,2025-26_20260218_wolves_arsenal,1x2,H,0.16828962268072734,11.0,0.8511858494880007,0.02,False,
2026-02-21,2025-26_20260221_aston_villa_leeds,1x2,A,0.2914396363426467,4.33,0.26193362536366016,0.019664686588863375,False,
2026-02-21,2025-26_20260221_brentford_brighton,ou25,over,0.6061290029338227,1.8,0.09103220528088074,0.02,False,
2026-02-21,2025-26_20260221_chelsea_burnley,1x2,A,0.10226390959772094,12.0,0.22716691517265142,0.005162884435742077,False,
2026-02-21,2025-26_20260221_chelsea_burnley,ou25,over,0.7278353267682169,1.44,0.04808287054623239,0.02,False,
2026-02-21,2025-26_20260221_west_ham_bournemouth,1x2,A,0.47238586754162243,2.63,0.24237483163446694,0.02,False,
2026-02-21,2025-26_20260221_man_city_newcastle,1x2,A,0.27223839280563933,5.5,0.4973111604310163,0.02,False,
2026-02-21,2025-26_20260221_man_city_newcastle,ou25,under,0.4111212789160812,2.75,0.13058351701922333,0.018654788145603333,False,
2026-02-22,2025-26_20260222_crystal_palace_wolves,ou25,over,0.5407805239931096,1.91,0.03289080082683937,0.00903593429308774,False,
2026-02-22,2025-26_20260222_tottenham_arsenal,1x2,H,0.2104921814394141,6.0,0.2629530886364846,0.013147654431824229,False,
2026-02-23,2025-26_20260223_everton_man_united,1x2,H,0.33984325796534753,3.7,0.25742005447178595,0.02,False,
2026-02-27,2025-26_20260227_wolves_aston_villa,1x2,H,0.30552054992497013,4.1,0.25263425469237744,0.02,True,
2026-02-28,2025-26_20260228_bournemouth_sunderland,1x2,H,0.5724598318808107,1.8,0.030427697385459362,0.00950865543295605,False,
2026-02-28,2025-26_20260228_burnley_brentford,ou25,over,0.5956111931044273,1.85,0.10188070724319065,0.02,True,
2026-02-28,2025-26_20260228_newcastle_everton,1x2,A,0.23170190859467618,4.75,0.10058406582471191,0.006705604388314127,True,
2026-02-28,2025-26_20260228_leeds_man_city,1x2,H,0.3148924132423594,4.75,0.495738962901207,0.02,False,
2026-03-01,2025-26_20260301_fulham_tottenham,1x2,A,0.3228505495075684,3.3,0.06540681337497567,0.007109436236410399,False,
2026-03-01,2025-26_20260301_fulham_tottenham,ou25,under,0.5045131320376426,2.1,0.059477577279049454,0.013517631199783966,False,
2026-03-01,2025-26_20260301_man_united_crystal_palace,1x2,A,0.3085153304930597,5.5,0.6968343177118284,0.02,False,
2026-03-01,2025-26_20260301_arsenal_chelsea,1x2,A,0.2520592272492973,5.5,0.3863257498711352,0.02,False,
2026-03-01,2025-26_20260301_arsenal_chelsea,ou25,over,0.5983381002517086,1.73,0.03512491343545587,0.012029079943649271,True,
2026-03-03,2025-26_20260303_bournemouth_brentford,1x2,H,0.431836250244537,2.5,0.07959062561134234,0.013265104268557057,False,
2026-03-03,2025-26_20260303_everton_burnley,1x2,A,0.187427112273579,6.0,0.124562673641474,0.0062281336820737,False,
2026-03-03,2025-26_20260303_everton_burnley,ou25,over,0.5531248757742766,1.98,0.0951872540330676,0.02,False,
2026-03-03,2025-26_20260303_leeds_sunderland,1x2,A,0.2390467851892017,4.33,0.03507257986924328,0.002633076566760006,True,
2026-03-03,2025-26_20260303_leeds_sunderland,ou25,over,0.5320754160106049,2.1,0.1173583736222703,0.02,False,
2026-03-03,2025-26_20260303_wolves_liverpool,1x2,H,0.18796601186904566,5.5,0.03381306527975103,0.001878503626652835,True,
2026-03-04,2025-26_20260304_aston_villa_chelsea,1x2,A,0.4087276480939694,2.55,0.042255502639621856,0.006815403651551913,True,
2026-03-04,2025-26_20260304_brighton_arsenal,1x2,H,0.2282697622124793,4.75,0.08428137050927664,0.005618758033951776,False,
2026-03-04,2025-26_20260304_fulham_west_ham,1x2,A,0.2834593450870826,3.7,0.04879957682220559,0.004518479335389406,True,
2026-03-04,2025-26_20260304_man_city_nottm_forest,1x2,A,0.16749023225965323,7.5,0.25617674194739926,0.00985295161336151,False,
2026-03-04,2025-26_20260304_newcastle_man_united,1x2,H,0.4383299427238462,2.63,0.15280774936371544,0.02,True,
2026-03-05,2025-26_20260305_tottenham_crystal_palace,1x2,A,0.4253031727378445,3.1,0.31843983548731813,0.02,True,
2026-03-14,2025-26_20260314_burnley_bournemouth,1x2,A,0.5717438786621976,1.83,0.04629129795182152,0.01394316203368118,False,
2026-03-14,2025-26_20260314_burnley_bournemouth,ou25,over,0.6266034778365215,1.73,0.08402401665718218,0.02,False,
2026-03-14,2025-26_20260314_arsenal_everton,1x2,A,0.17166721442765098,8.5,0.45917132263503335,0.015305710754501111,False,
2026-03-14,2025-26_20260314_chelsea_newcastle,1x2,A,0.2762331583992756,3.8,0.04968600191724715,0.004436250171182782,True,
2026-03-14,2025-26_20260314_west_ham_man_city,1x2,H,0.24089053548574493,4.33,0.043056018653275574,0.0032324338328284965,False,
2026-03-15,2025-26_20260315_crystal_palace_leeds,1x2,H,0.48306949188029,2.55,0.23182720429473958,0.02,False,
2026-03-15,2025-26_20260315_crystal_palace_leeds,ou25,over,0.5862413759424093,2.1,0.23110688947905955,0.02,False,
2026-03-15,2025-26_20260315_man_united_aston_villa,1x2,A,0.25808028213154455,4.5,0.1613612695919504,0.011525804970853601,False,
2026-03-15,2025-26_20260315_nottm_forest_fulham,1x2,A,0.3472780485427296,3.3,0.14601756019100764,0.01587147393380518,False,
2026-03-15,2025-26_20260315_liverpool_tottenham,1x2,A,0.16406497422181576,8.0,0.3125197937745261,0.011161421206233075,False,
2026-03-15,2025-26_20260315_liverpool_tottenham,ou25,under,0.38144967174366773,2.75,0.048986597295086254,0.0069980853278694645,True,
2026-03-16,2025-26_20260316_brentford_wolves,1x2,A,0.19251141333369634,5.75,0.10694062666875404,0.005628454035197581,False,
2026-03-20,2025-26_20260320_bournemouth_man_united,1x2,H,0.43820545848316006,3.2,0.4022574671461123,0.02,False,
2026-03-21,2025-26_20260321_brighton_liverpool,1x2,A,0.4830997573358467,2.2,0.0628194661388628,0.013087388778929749,False,
2026-03-21,2025-26_20260321_fulham_burnley,1x2,A,0.19257572118872307,6.25,0.2035982574295192,0.009695155115691391,False,
2026-03-21,2025-26_20260321_everton_chelsea,ou25,over,0.5756865280648233,1.83,0.05350634635862672,0.016116369385128528,True,
2026-03-21,2025-26_20260321_leeds_brentford,1x2,A,0.3745443744431841,2.88,0.0786877983963703,0.010463802978240733,False,
2026-03-21,2025-26_20260321_leeds_brentford,ou25,over,0.5852060271429287,1.88,0.1001873310287058,0.02,False,
2026-03-22,2025-26_20260322_newcastle_sunderland,ou25,over,0.5530171492393833,1.88,0.039672240570040485,0.011270522889216048,True,
2026-04-10,2025-26_20260410_west_ham_wolves,1x2,A,0.2927902311928211,4.33,0.2677817010649155,0.02,False,
2026-04-11,2025-26_20260411_arsenal_bournemouth,1x2,A,0.21511768778163892,7.5,0.6133826583622919,0.02,True,
2026-04-11,2025-26_20260411_brentford_everton,1x2,H,0.4946299222189426,2.15,0.06345433277072643,0.013794420167549224,False,
2026-04-11,2025-26_20260411_brentford_everton,ou25,over,0.5498588248093869,2.0,0.09971764961877372,0.02,True,
2026-04-12,2025-26_20260412_crystal_palace_newcastle,1x2,H,0.42547439583856317,3.0,0.2764231875156895,0.02,True,
2026-04-12,2025-26_20260412_chelsea_man_city,1x2,H,0.3960888511582439,3.1,0.22787543859055615,0.02,False,
2026-04-13,2025-26_20260413_man_united_leeds,1x2,A,0.25798482122097666,5.0,0.2899241061048832,0.0181202566315552,True,
2026-04-18,2025-26_20260418_brentford_fulham,1x2,H,0.5079860573939768,2.1,0.06677072052735133,0.015175163756216211,False,
2026-04-18,2025-26_20260418_leeds_wolves,1x2,A,0.21964254470703687,5.75,0.26294463206546204,0.013839191161340107,False,
2026-04-18,2025-26_20260418_newcastle_bournemouth,1x2,A,0.3304198431653237,3.5,0.15646945107863286,0.015646945107863287,True,
2026-04-18,2025-26_20260418_chelsea_man_united,1x2,H,0.47156143750523405,2.2,0.03743516251151502,0.007798992189898961,False,
2026-04-19,2025-26_20260419_aston_villa_sunderland,1x2,A,0.25408067965666076,5.5,0.39744373811163425,0.02,False,
2026-04-19,2025-26_20260419_everton_liverpool,1x2,A,0.49313252663964935,2.3,0.13420481127119332,0.02,True,
2026-04-19,2025-26_20260419_everton_liverpool,ou25,over,0.5661218568250131,1.9,0.07563152796752504,0.02,True,
2026-04-19,2025-26_20260419_nottm_forest_burnley,1x2,A,0.2139792404728521,7.0,0.49785468330996485,0.02,False,
2026-04-19,2025-26_20260419_man_city_arsenal,1x2,A,0.3825422070284229,4.2,0.6066772695193763,0.02,False,
2026-04-19,2025-26_20260419_man_city_arsenal,ou25,over,0.5462059490361368,2.0,0.09241189807227368,0.02,True,
2026-04-20,2025-26_20260420_crystal_palace_west_ham,1x2,H,0.5473931994924798,2.38,0.3027958147921017,0.02,False,
2026-04-20,2025-26_20260420_crystal_palace_west_ham,ou25,over,0.6052671260653992,1.93,0.16816555330622052,0.02,False,
2026-04-21,2025-26_20260421_brighton_chelsea,1x2,A,0.41339322207484214,2.7,0.11616169960207379,0.017082602882657907,False,
2026-04-22,2025-26_20260422_burnley_man_city,1x2,H,0.15423864120883068,19.0,1.930534182967783,0.02,False,
2026-04-22,2025-26_20260422_burnley_man_city,ou25,under,0.37713649370623603,3.4,0.2822640786012025,0.02,True,
2026-04-24,2025-26_20260424_sunderland_nottm_forest,1x2,H,0.38762043648247135,2.7,0.046575178502672676,0.006849290956275393,False,
2026-04-25,2025-26_20260425_fulham_aston_villa,1x2,H,0.375785648070162,2.75,0.03341053219294565,0.004772933170420808,True,
2026-04-25,2025-26_20260425_liverpool_crystal_palace,1x2,A,0.25077531691918636,6.25,0.5673457307449148,0.02,False,
2026-04-25,2025-26_20260425_west_ham_everton,1x2,A,0.35741859458093517,2.9,0.036513924284711896,0.0048044637216726185,False,
2026-04-25,2025-26_20260425_wolves_tottenham,1x2,H,0.3280767751297443,4.5,0.47634548808384936,0.02,False,
2026-04-25,2025-26_20260425_wolves_tottenham,ou25,under,0.5023557006721093,2.2,0.1051825414786407,0.02,True,
2026-04-25,2025-26_20260425_arsenal_newcastle,1x2,A,0.19047091465473978,6.25,0.1904432165921237,0.009068724599624938,False,
2026-04-27,2025-26_20260427_man_united_brentford,1x2,A,0.32472595145735395,4.0,0.2989038058294158,0.02,False,
2026-05-01,2025-26_20260501_leeds_burnley,1x2,A,0.15314747613185697,9.5,0.45490102325264115,0.013379441860371799,False,
2026-05-02,2025-26_20260502_brentford_west_ham,1x2,H,0.5518620844093,1.91,0.05405658122176282,0.01485070912685792,True,
2026-05-02,2025-26_20260502_newcastle_brighton,1x2,H,0.4127670367025412,2.5,0.031917591756353,0.005319598626058834,True,
2026-05-02,2025-26_20260502_wolves_sunderland,1x2,H,0.3683218315197533,3.1,0.1417976777112353,0.0168806759180042,False,
2026-05-02,2025-26_20260502_arsenal_fulham,1x2,A,0.16992666841626336,7.0,0.1894866789138434,0.00789527828807681,False,
2026-05-03,2025-26_20260503_bournemouth_crystal_palace,1x2,A,0.3122772828903383,5.25,0.639455735174276,0.02,False,
2026-05-03,2025-26_20260503_man_united_liverpool,1x2,A,0.3966664681972023,2.75,0.09083278754230628,0.012976112506043755,False,
2026-05-03,2025-26_20260503_aston_villa_tottenham,1x2,H,0.4837143417357681,2.15,0.039985834731901315,0.008692572767804635,False,
2026-05-04,2025-26_20260504_chelsea_nottm_forest,1x2,A,0.21913636091465102,4.75,0.04089771434459233,0.0027265142896394884,True,
2026-05-04,2025-26_20260504_everton_man_city,1x2,H,0.24822375072464553,6.5,0.6134543797101959,0.02,False,
2026-05-09,2025-26_20260509_liverpool_chelsea,1x2,A,0.3032190924759929,3.9,0.18255446065637226,0.015737453504859677,False,
2026-05-09,2025-26_20260509_brighton_wolves,1x2,A,0.195621912916258,9.5,0.858408172704451,0.02,False,
2026-05-09,2025-26_20260509_brighton_wolves,ou25,under,0.4724001985081796,2.5,0.181000496270449,0.02,False,
2026-05-09,2025-26_20260509_sunderland_man_united,1x2,H,0.28599239046324443,3.9,0.11537032280665316,0.00994571748333217,False,
2026-05-09,2025-26_20260509_sunderland_man_united,ou25,under,0.49772783197763015,2.1,0.04522844715302332,0.010279192534778027,True,
2026-05-09,2025-26_20260509_man_city_brentford,1x2,A,0.24701824556821492,7.0,0.7291277189775045,0.02,False,
2026-05-09,2025-26_20260509_man_city_brentford,ou25,under,0.3782876795332003,3.2,0.21052057450624106,0.02,False,
2026-05-10,2025-26_20260510_burnley_aston_villa,1x2,H,0.23835217944460807,5.0,0.19176089722304024,0.011985056076440015,False,
2026-05-10,2025-26_20260510_crystal_palace_everton,1x2,H,0.4810084877886922,2.7,0.29872291702946896,0.02,False,
2026-05-10,2025-26_20260510_crystal_palace_everton,ou25,over,0.5309782327800782,2.03,0.07788581254355864,0.018904323432902586,True,
2026-05-10,2025-26_20260510_west_ham_arsenal,1x2,H,0.19802861413885742,5.5,0.0891573777637158,0.004953187653539766,False,
2026-05-11,2025-26_20260511_tottenham_leeds,1x2,A,0.3938352212460531,3.75,0.47688207967269913,0.02,False,
2026-05-13,2025-26_20260513_man_city_crystal_palace,1x2,A,0.2204837665590056,12.0,1.645805198708067,0.02,False,
2026-05-13,2025-26_20260513_man_city_crystal_palace,ou25,under,0.35159075345880664,3.0,0.0547722603764198,0.006846532547052475,False,
2026-05-17,2025-26_20260517_man_united_nottm_forest,1x2,A,0.23607971115868948,5.25,0.23941848358311968,0.014083440210771746,False,
2026-05-17,2025-26_20260517_man_united_nottm_forest,ou25,under,0.4527015689765044,2.3,0.04121360864596002,0.007925693970376927,False,
2026-05-17,2025-26_20260517_brentford_crystal_palace,1x2,A,0.3071099798940539,4.33,0.32978621294125343,0.02,False,
2026-05-17,2025-26_20260517_everton_sunderland,1x2,A,0.28269498616323785,4.33,0.22406929008681997,0.016822018775286784,True,
2026-05-17,2025-26_20260517_leeds_brighton,1x2,H,0.4309743732000231,3.2,0.379117994240074,0.02,True,
2026-05-17,2025-26_20260517_wolves_fulham,1x2,H,0.3432835646346225,3.8,0.30447754561156537,0.02,False,
2026-05-17,2025-26_20260517_wolves_fulham,ou25,under,0.5083168722808407,2.1,0.06746543178976538,0.01533305267949213,True,
2026-05-17,2025-26_20260517_newcastle_west_ham,1x2,H,0.5320144793108188,2.1,0.11723040655271943,0.02,True,
2026-05-18,2025-26_20260518_arsenal_burnley,1x2,A,0.07924208085229695,23.0,0.8225678596028299,0.009347362040941248,False,
2026-05-18,2025-26_20260518_arsenal_burnley,ou25,under,0.33680589972178154,3.4,0.14514005905405725,0.015118756151464297,True,
2026-05-19,2025-26_20260519_bournemouth_man_city,1x2,H,0.3428656128315569,4.5,0.5428952577420061,0.02,False,
2026-05-19,2025-26_20260519_bournemouth_man_city,ou25,under,0.3932068084313811,2.75,0.08131872318629796,0.011616960455185423,True,
2026-05-24,2025-26_20260524_brighton_man_united,1x2,A,0.33486919836411466,3.6,0.20552911411081287,0.019762414818347392,True,
2026-05-24,2025-26_20260524_brighton_man_united,ou25,under,0.4620282287377133,2.63,0.21513424158018601,0.02,False,
2026-05-24,2025-26_20260524_burnley_wolves,1x2,A,0.36775005210782946,2.9,0.0664751511127053,0.008746730409566488,False,
2026-05-24,2025-26_20260524_burnley_wolves,ou25,under,0.49444833463187055,2.1,0.03834150272692827,0.008713977892483696,True,
2026-05-24,2025-26_20260524_crystal_palace_arsenal,1x2,H,0.28027562529696826,4.2,0.17715762624726672,0.013840439550567712,False,
2026-05-24,2025-26_20260524_fulham_newcastle,ou25,under,0.4717186132658546,2.3,0.08495281051146564,0.016337078944512626,True,
2026-05-24,2025-26_20260524_man_city_aston_villa,1x2,A,0.20146433057675503,9.0,0.8131789751907952,0.02,True,
2026-05-24,2025-26_20260524_man_city_aston_villa,ou25,under,0.37448826339494656,3.5,0.3107089218823129,0.02,False,
2026-05-24,2025-26_20260524_nottm_forest_bournemouth,1x2,H,0.32534340897598213,3.3,0.07363324962074103,0.008003614089210982,False,
2026-05-24,2025-26_20260524_tottenham_everton,1x2,A,0.342325267080533,3.8,0.3008360149060254,0.02,False,
2026-05-24,2025-26_20260524_west_ham_leeds,1x2,A,0.39718412888818644,3.75,0.4894404833306991,0.02,False,
