fixture_id,kickoff_utc,competition_id,competition,season_id,round,stage,leg,home,away,status,reason,home_elo,away_elo,lambda_home,lambda_away,p_home_90m,p_draw_90m,p_away_90m,p_home_to_advance,p_away_to_advance,p_extra_time,missing_teams
2049577,2026-10-13T16:45:00Z,1,UEFA Champions League,2027,League Phase,TOURNAMENT,,Lens,Sporting CP,ok,,1509.5640478226608,1544.8964004514542,1.5712551531930872,1.3245781801402459,0.43203764539793715,0.24587712283004626,0.32208523177201664,,,,
2049579,2026-10-13T16:45:00Z,1,UEFA Champions League,2027,League Phase,TOURNAMENT,,Sabah,Slavia Praha,ok,,1532.3565466387804,1420.279815677143,2.1437299645171746,0.7735319402447303,0.6891858517900908,0.1885522082568533,0.12226193995305579,,,,
2049571,2026-10-13T19:00:00Z,1,UEFA Champions League,2027,League Phase,TOURNAMENT,,Inter,Club Brugge,ok,,1504.798340878273,1507.6783969960306,1.951716355540799,1.3649503111258674,0.5118668488925906,0.2198506837988926,0.2682824673085168,,,,
2049572,2026-10-13T19:00:00Z,1,UEFA Champions League,2027,League Phase,TOURNAMENT,,Arsenal,Lille,ok,,1635.7635833472236,1482.0733873753452,1.7264144443312273,0.4902522223354395,0.6777099973627521,0.2226549547571231,0.09963504788012478,,,,
2049573,2026-10-13T19:00:00Z,1,UEFA Champions League,2027,League Phase,TOURNAMENT,,Atleti,Man Utd,ok,,1529.5369158155947,1519.8385396980889,1.8857806174150658,1.226719382584934,0.5278987762149233,0.22466018843457908,0.24744103535049766,,,,
2049574,2026-10-13T19:00:00Z,1,UEFA Champions League,2027,League Phase,TOURNAMENT,,Leipzig,PSV,ok,,1485.398699190116,1490.1089151995768,1.8797735990897906,1.3285597342435425,0.5038275548070985,0.2249229389448217,0.2712495062480797,,,,
2049575,2026-10-13T19:00:00Z,1,UEFA Champions League,2027,League Phase,TOURNAMENT,,Villarreal,Napoli,ok,,1413.6680916152739,1465.775118497102,1.4723001578249284,1.366985556460786,0.39852736498869323,0.2503945289260794,0.3510781060852275,,,,
2049576,2026-10-13T19:00:00Z,1,UEFA Champions League,2027,League Phase,TOURNAMENT,,Galatasaray,Barcelona,ok,,1476.8526728219815,1567.0068069901706,1.5384803023270255,1.778186364339641,0.33574765356164854,0.22795071267741152,0.43630163376093994,,,,
2049578,2026-10-13T19:00:00Z,1,UEFA Champions League,2027,League Phase,TOURNAMENT,,Viking,Bayern München,ok,,1520.0789049761381,1634.6379207450002,1.6889181363922203,2.2464985302744465,0.29181177208202436,0.20184484804290262,0.5063433798750729,,,,
2049584,2026-10-14T16:45:00Z,1,UEFA Champions League,2027,League Phase,TOURNAMENT,,Feyenoord,Como,ok,,1446.3720330210508,1514.601300809884,1.6160886532260645,1.6464113467739356,0.37772685672131595,0.23170445671096843,0.3905686865677155,,,,
2049588,2026-10-14T16:45:00Z,1,UEFA Champions League,2027,League Phase,TOURNAMENT,,LASK,Liverpool,ok,,1494.3093322051702,1545.7946962617116,1.4365743725583098,1.3290506274416902,0.3974080733132699,0.25419414957721387,0.34839777710951636,,,,
2049580,2026-10-14T19:00:00Z,1,UEFA Champions League,2027,League Phase,TOURNAMENT,,Man City,Paris,ok,,1527.259891641674,1628.2434217086125,1.4871930092248442,1.8294736574418222,0.31524095129301,0.22624746369613968,0.4585115850108503,,,,
2049581,2026-10-14T19:00:00Z,1,UEFA Champions League,2027,League Phase,TOURNAMENT,,Roma,Real Madrid,ok,,1547.723886482201,1565.8736112651934,1.729402631684083,1.320597368315917,0.4709642957126393,0.23540120167322623,0.2936345026141343,,,,
2049582,2026-10-14T19:00:00Z,1,UEFA Champions League,2027,League Phase,TOURNAMENT,,Aston Villa,Fenerbahçe,ok,,1638.090534037474,1550.8290506044004,1.824075721801216,0.759257611532117,0.6272122730301443,0.2224129745178027,0.15037475245205306,,,,
2049583,2026-10-14T19:00:00Z,1,UEFA Champions League,2027,League Phase,TOURNAMENT,,Real Betis,Porto,ok,,1547.1550572782664,1529.8446380434107,1.6947885827876228,1.0552114172123772,0.5233892768827922,0.2407457145947118,0.23586500852249587,,,,
2049585,2026-10-14T19:00:00Z,1,UEFA Champions League,2027,League Phase,TOURNAMENT,,Bodø/Glimt,B. Dortmund,ok,,1536.9972890435254,1503.7236738307972,2.2215735922008926,1.2617597411324408,0.5912226006027097,0.1995682032240292,0.20920919617326106,,,,
2049586,2026-10-14T19:00:00Z,1,UEFA Champions League,2027,League Phase,TOURNAMENT,,Shakhtar,AEK Athens,ok,,1560.793269840103,1577.743296545676,1.5450008041470231,1.1716658625196437,0.45925186527120365,0.2521047245053768,0.28864341022341955,,,,
2049587,2026-10-14T19:00:00Z,1,UEFA Champions League,2027,League Phase,TOURNAMENT,,S. Bratislava,Stuttgart,ok,,1502.5199255066423,1523.9747758223448,1.602670217245821,1.2473297827541792,0.4566237646471483,0.24584419882118977,0.297532036531662,,,,
2050076,2026-10-15T16:45:00Z,14,UEFA Europa League,2027,League Phase,TOURNAMENT,,Lyon,Crystal Palace,ok,,1560.5058418370706,1594.0481698796555,1.426470398962563,1.1901962677041038,0.424690908867408,0.2607583433675605,0.3145507477650315,,,,
2050077,2026-10-15T16:45:00Z,14,UEFA Europa League,2027,League Phase,TOURNAMENT,,AZ Alkmaar,H. Beer-Sheva,ok,,1566.6453292448396,1523.6120278000906,1.4856467307503003,0.7976866025830329,0.5349972566647481,0.26362771933996604,0.20137502399528606,,,,
2050080,2026-10-15T16:45:00Z,14,UEFA Europa League,2027,League Phase,TOURNAMENT,,Union SG,Real Sociedad,ok,,1491.001101243558,1488.430064953105,1.7458851507044504,1.1832815159622163,0.5056013108816444,0.23579192659243597,0.25860676252591974,,,,
2050082,2026-10-15T16:45:00Z,14,UEFA Europa League,2027,League Phase,TOURNAMENT,,Salzburg,Milan,ok,,1515.0034867210811,1485.6292161810434,1.6947628925975133,0.9844037740691534,0.5404893189545391,0.24068889757073186,0.21882178347472903,,,,
2050083,2026-10-15T16:45:00Z,14,UEFA Europa League,2027,League Phase,TOURNAMENT,,Sparta Praha,Lillestrøm,ok,,1549.9982432765814,1489.9251930728371,1.6471748853687462,0.8017834479645873,0.5749267749098974,0.24414456073089094,0.18092866435921162,,,,
2050085,2026-10-15T16:45:00Z,14,UEFA Europa League,2027,League Phase,TOURNAMENT,,Lech Poznań,Leverkusen,ok,,1564.7231174360145,1523.3028573323124,1.8050880817666735,0.9782452515666598,0.5679451311838138,0.2297949784972403,0.20225989031894598,,,,
2050087,2026-10-15T16:45:00Z,14,UEFA Europa League,2027,League Phase,TOURNAMENT,,Celje,Omonia,ok,,1524.1438750786992,1541.7605921855832,1.4288887899789398,1.0877778766877269,0.4485227560522723,0.26425468883069686,0.2872225551170308,,,,
2050091,2026-10-15T16:45:00Z,14,UEFA Europa League,2027,League Phase,TOURNAMENT,,Torreense,Sunderland,ok,,1511.6130888293312,1510.6405612120448,1.5092854895628132,1.0323811771038538,0.48257161084601746,0.2583381425096654,0.2590902466443171,,,,
2050312,2026-10-15T16:45:00Z,2019,UEFA Conference League,2027,League Phase,TOURNAMENT,,Gent,Aarhus,ok,,1518.8527108443393,1474.2515494345212,1.7059123704470867,0.9077239931892771,0.5621273593476768,0.2389794648200303,0.19889317583229293,,,,
2050313,2026-10-15T16:45:00Z,2019,UEFA Conference League,2027,League Phase,TOURNAMENT,,Panathinaikos,Borac,ok,,1515.7120498993063,1518.4164577738754,1.6974242073173915,1.1859091260159418,0.49347962690925007,0.23965577806608926,0.2668645950246607,,,,
2050315,2026-10-15T16:45:00Z,2019,UEFA Conference League,2027,League Phase,TOURNAMENT,,Lugano,Crvena Zvezda,ok,,1537.5418788684256,1545.0367283427493,1.5617243103179226,1.121609023015411,0.4749514910699152,0.2518520231012738,0.27319648582881106,,,,
2050316,2026-10-15T16:45:00Z,2019,UEFA Conference League,2027,League Phase,TOURNAMENT,,KuPS Kuopio,Trabzonspor,ok,,1460.1752726598334,1478.2960067646436,1.329886556750921,1.0153515384871743,0.43868969705371585,0.27603336137445755,0.28527694157182626,,,,
2050321,2026-10-15T16:45:00Z,2019,UEFA Conference League,2027,League Phase,TOURNAMENT,,U. Craiova,Getafe,ok,,1522.972243543929,1502.8162629701535,1.72904532860398,1.059049909491258,0.5306661291040042,0.2375998912632777,0.23173397963271808,,,,
2050322,2026-10-15T16:45:00Z,2019,UEFA Conference League,2027,League Phase,TOURNAMENT,,Riga,Kairat Almaty,ok,,1519.5522364109577,1419.7256275265563,1.8142082559927613,0.7024584106739054,0.6397828632643381,0.2214180396637591,0.13879909707190258,,,,
2050323,2026-10-15T16:45:00Z,2019,UEFA Conference League,2027,League Phase,TOURNAMENT,,Hajduk Split,Ajax,ok,,1536.334318082129,1517.7075404662005,2.1529685465821347,1.3303647867511987,0.5622542727233921,0.20570368054057692,0.2320420467360309,,,,
2050324,2026-10-15T16:45:00Z,2019,UEFA Conference League,2027,League Phase,TOURNAMENT,,CSKA Sofia,Monaco,ok,,1480.1301792639117,1509.3697556042098,1.5365230535899947,1.2506564335894923,0.43947109104662185,0.25054118061851366,0.3099877283348645,,,,
2050325,2026-10-15T16:45:00Z,2019,UEFA Conference League,2027,League Phase,TOURNAMENT,,Mjällby,Inter Escaldes,ok,,1462.0634790309482,1499.9600257932482,1.4134561130443333,1.2092711596829397,0.4170924356629202,0.2609577259679337,0.32194983836914626,,,,
2050326,2026-10-15T16:45:00Z,2019,UEFA Conference League,2027,League Phase,TOURNAMENT,,Egnatia,Midtjylland,ok,,1528.369444466189,1615.2356988582967,1.3822915670152793,1.5677084329847208,0.336876446231681,0.24419255822236097,0.4189309955459579,,,,
2050075,2026-10-15T19:00:00Z,14,UEFA Europa League,2027,League Phase,TOURNAMENT,,Benfica,Celtic,ok,,1563.753001278647,1480.525023597058,2.395945714233638,1.0207209524330292,0.6778598442243731,0.17776100697093664,0.1443791488046901,,,,
2050078,2026-10-15T19:00:00Z,14,UEFA Europa League,2027,League Phase,TOURNAMENT,,Marseille,Olympiacos,ok,,1464.3062905222207,1494.0463249260315,1.4973528835204328,1.2222899736224246,0.43583879499133277,0.25429365451225483,0.3098675504964125,,,,
2050079,2026-10-15T19:00:00Z,14,UEFA Europa League,2027,League Phase,TOURNAMENT,,Ferencváros,Viktoria Plzeň,ok,,1604.235521037057,1513.1584435012157,1.7884220035024725,0.7282446631641941,0.6272769567599221,0.22548346086574977,0.1472395823743281,,,,
2050081,2026-10-15T19:00:00Z,14,UEFA Europa League,2027,League Phase,TOURNAMENT,,GNK Dinamo,Anderlecht,ok,,1507.630855870117,1545.4167317527103,1.536390463755768,1.3136095362442317,0.4257717597858238,0.24850706746664833,0.3257211727475279,,,,
2050084,2026-10-15T19:00:00Z,14,UEFA Europa League,2027,League Phase,TOURNAMENT,,Rennes,OFI Crete,ok,,1500.7880760057144,1541.438880964449,1.2678007473381125,1.1019909193285544,0.40164042796614896,0.2774927116702314,0.32086686036361955,,,,
2050086,2026-10-15T19:00:00Z,14,UEFA Europa League,2027,League Phase,TOURNAMENT,,Bournemouth,Sturm Graz,ok,,1511.569935046895,1471.6493846001154,1.527508245177868,0.8349917548221317,0.5362608782671927,0.2585014847729237,0.20523763695988376,,,,
2050088,2026-10-15T19:00:00Z,14,UEFA Europa League,2027,League Phase,TOURNAMENT,,Jagiellonia,Ararat-Armenia,ok,,1558.4035333547956,1476.4586356082111,1.8542123114682592,0.7957876885317408,0.624522573193171,0.2202812286087467,0.15519619819808217,,,,
2050089,2026-10-15T19:00:00Z,14,UEFA Europa League,2027,League Phase,TOURNAMENT,,Celta,Juventus,ok,,1516.5458917217761,1541.178219745847,1.5154483293642362,1.2012183373024305,0.4451197710498346,0.2536006693015237,0.3012795596486416,,,,
2050090,2026-10-15T19:00:00Z,14,UEFA Europa League,2027,League Phase,TOURNAMENT,,Hoffenheim,Beşiktaş,ok,,1489.277797951883,1555.0208602831433,1.2203012122870638,1.2255321210462695,0.3619669808865701,0.27354909988931814,0.3644839192241117,,,,
2050092,2026-10-15T19:00:00Z,14,UEFA Europa League,2027,League Phase,TOURNAMENT,,N.E.C.,Levski Sofia,ok,,1456.069458344003,1513.1065359034458,1.3148721450417031,1.2559611882916302,0.3811072836719135,0.2655211448395359,0.35337157148855053,,,,
2050309,2026-10-15T19:00:00Z,2019,UEFA Conference League,2027,League Phase,TOURNAMENT,,Atalanta,Pafos,ok,,1491.4007948627313,1500.6817366561943,1.6902250345860592,1.2264416320806077,0.48255539410079606,0.2397013167672401,0.2777432891319637,,,,
2050310,2026-10-15T19:00:00Z,2019,UEFA Conference League,2027,League Phase,TOURNAMENT,,Freiburg,Jablonec,ok,,1585.9773280699355,1520.807821919585,1.910542434624775,0.9030939290115885,0.6099855204767728,0.2176819817046191,0.1723324978186082,,,,
2050311,2026-10-15T19:00:00Z,2019,UEFA Conference League,2027,League Phase,TOURNAMENT,,Copenhagen,Braga,ok,,1559.3504042647182,1620.4634366631408,1.5083541286309574,1.474979204702376,0.38548899091684546,0.24373710109325908,0.37077390798989557,,,,
2050314,2026-10-15T19:00:00Z,2019,UEFA Conference League,2027,League Phase,TOURNAMENT,,Brighton,Kauno Žalgiris,ok,,1518.2540288784862,1483.9228150732674,1.559897686665463,0.8805785038107277,0.5329352056527028,0.25472340751248274,0.21234138683481452,,,,
2050317,2026-10-15T19:00:00Z,2019,UEFA Conference League,2027,League Phase,TOURNAMENT,,Twente,Thun,ok,,1514.2347667866147,1488.6278959597437,2.124997356045702,1.2613662803179344,0.5716921930115353,0.20676217344604386,0.2215456335424207,,,,
2050318,2026-10-15T19:00:00Z,2019,UEFA Conference League,2027,League Phase,TOURNAMENT,,Sint-Truidense,Iberia Tbilisi,ok,,1497.9088785134497,1449.3446662144954,1.8122203989570362,0.9425415058048685,0.5783269428520889,0.2285232742300148,0.19314978291789647,,,,
2050319,2026-10-15T19:00:00Z,2019,UEFA Conference League,2027,League Phase,TOURNAMENT,,Brann,L. Red Imps,ok,,1504.0024558456532,1439.547768827417,1.7744457687938153,0.8422208978728514,0.5947344329974207,0.23044287008746936,0.17482269691511007,,,,
2050320,2026-10-15T19:00:00Z,2019,UEFA Conference League,2027,League Phase,TOURNAMENT,,Hearts,Nordsjælland,ok,,1449.7079104071072,1560.9069765163986,1.331294224288584,1.7368875938932344,0.29489882670884665,0.23471263673231985,0.4703885365588336,,,,
2049595,2026-10-20T16:45:00Z,1,UEFA Champions League,2027,League Phase,TOURNAMENT,,Fenerbahçe,Slavia Praha,ok,,1550.8290506044004,1420.279815677143,2.001303510337756,0.6492917277574817,0.6926732756818879,0.19684048532056403,0.1104862389975482,,,,
2049597,2026-10-20T16:45:00Z,1,UEFA Champions League,2027,League Phase,TOURNAMENT,,Sabah,B. Dortmund,ok,,1532.3565466387804,1503.7236738307972,2.0105245692610074,1.1728087640723261,0.567569368538319,0.21433429320629832,0.21809633825538272,,,,
2049589,2026-10-20T19:00:00Z,1,UEFA Champions League,2027,League Phase,TOURNAMENT,,Paris,Barcelona,ok,,1628.2434217086125,1567.0068069901706,2.5727214959525204,1.243945170714146,0.6605068302929537,0.1733595048802514,0.16613366482679492,,,,
2049590,2026-10-20T19:00:00Z,1,UEFA Champions League,2027,League Phase,TOURNAMENT,,Liverpool,Villarreal,ok,,1545.7946962617116,1413.6680916152739,2.155285871480267,0.6929284142340184,0.7109660264476315,0.18269863617662144,0.10633533737574727,,,,
2049591,2026-10-20T19:00:00Z,1,UEFA Champions League,2027,League Phase,TOURNAMENT,,Man City,AEK Athens,ok,,1527.259891641674,1577.743296545676,1.4497796365263267,1.3335536968070065,0.3998165461453704,0.2531904160526395,0.3469930378019902,,,,
2049592,2026-10-20T19:00:00Z,1,UEFA Champions League,2027,League Phase,TOURNAMENT,,Roma,S. Bratislava,ok,,1547.723886482201,1502.5199255066423,1.7099473935908822,0.9067192730757845,0.5633421618350223,0.23854088224931916,0.1981169559156586,,,,
2049593,2026-10-20T19:00:00Z,1,UEFA Champions League,2027,League Phase,TOURNAMENT,,Porto,PSV,ok,,1529.8446380434107,1490.1089151995768,1.8931824132842967,1.03598425338237,0.5739257469691552,0.22233832403016518,0.20373592900067963,,,,
2049594,2026-10-20T19:00:00Z,1,UEFA Champions League,2027,League Phase,TOURNAMENT,,Napoli,Bodø/Glimt,ok,,1465.775118497102,1536.9972890435254,1.5096758023497872,1.5647289595549747,0.3682562193595506,0.23954118547598552,0.3922025951644641,,,,
2049596,2026-10-20T19:00:00Z,1,UEFA Champions League,2027,League Phase,TOURNAMENT,,Stuttgart,Atleti,ok,,1523.9747758223448,1529.5369158155947,1.8808272423123078,1.335839424354359,0.5024668384361644,0.22481052678667476,0.2727226347771609,,,,
2049605,2026-10-21T16:45:00Z,1,UEFA Champions League,2027,League Phase,TOURNAMENT,,Lille,Galatasaray,ok,,1482.0733873753452,1476.8526728219815,1.489259567807056,0.9940737655262775,0.48658152675689637,0.26102199383694735,0.25239647940615617,,,,
2049606,2026-10-21T16:45:00Z,1,UEFA Champions League,2027,League Phase,TOURNAMENT,,Como,Man Utd,ok,,1514.601300809884,1519.8385396980889,1.73111965936614,1.227213673967193,0.492119506499851,0.2365683343236203,0.2713121591765286,,,,
2049598,2026-10-21T19:00:00Z,1,UEFA Champions League,2027,League Phase,TOURNAMENT,,Bayern München,Arsenal,ok,,1634.6379207450002,1635.7635833472236,1.8416406458444354,1.2750260208222313,0.5070474958417881,0.22791700759006048,0.2650354965681515,,,,
2049599,2026-10-21T19:00:00Z,1,UEFA Champions League,2027,League Phase,TOURNAMENT,,Real Madrid,Leipzig,ok,,1565.8736112651934,1485.398699190116,2.276969715691886,0.9855302843081142,0.6641726107478603,0.18630042727551452,0.14952696197662518,,,,
2049600,2026-10-21T19:00:00Z,1,UEFA Champions League,2027,League Phase,TOURNAMENT,,Inter,Shakhtar,ok,,1504.798340878273,1560.793269840103,1.4448272998198635,1.371839366846803,0.3906280600474278,0.2517528963790243,0.3576190435735478,,,,
2049601,2026-10-21T19:00:00Z,1,UEFA Champions League,2027,League Phase,TOURNAMENT,,Sporting CP,LASK,ok,,1544.8964004514542,1494.3093322051702,1.826601959427275,0.9390230405727249,0.5824685669902734,0.22701346818765497,0.1905179648220716,,,,
2049602,2026-10-21T19:00:00Z,1,UEFA Champions League,2027,League Phase,TOURNAMENT,,Aston Villa,Viking,ok,,1638.090534037474,1520.0789049761381,2.497747412625359,0.8710025873746408,0.7283738292691713,0.16140622403425559,0.11021994669657317,,,,
2049603,2026-10-21T19:00:00Z,1,UEFA Champions League,2027,League Phase,TOURNAMENT,,Club Brugge,Lens,ok,,1507.6783969960306,1509.5640478226608,2.003007709421471,1.392825623911862,0.5170096610644296,0.21638204594895843,0.26660829298661204,,,,
2049604,2026-10-21T19:00:00Z,1,UEFA Champions League,2027,League Phase,TOURNAMENT,,Real Betis,Feyenoord,ok,,1547.1550572782664,1446.3720330210508,2.346447666534377,0.903552333465623,0.6955331908460745,0.17630643394814804,0.12816037520577747,,,,
2050336,2026-10-22T14:30:00Z,2019,UEFA Conference League,2027,League Phase,TOURNAMENT,,Kairat Almaty,Panathinaikos,ok,,1419.7256275265563,1515.7120498993063,1.2071407518633137,1.4428592481366862,0.31592623173832574,0.25887053963140794,0.4252032286302663,,,,
2050093,2026-10-22T16:45:00Z,14,UEFA Europa League,2027,League Phase,TOURNAMENT,,Juventus,Rennes,ok,,1541.178219745847,1500.7880760057144,1.6691897851395705,0.9099768815270961,0.5527157303345158,0.24289751190962025,0.20438675775586415,,,,
2050095,2026-10-22T16:45:00Z,14,UEFA Europa League,2027,League Phase,TOURNAMENT,,Ferencváros,Torreense,ok,,1604.235521037057,1511.6130888293312,1.9681627520497083,0.7943372479502919,0.6492740628314662,0.2078138395349842,0.14291209763354967,,,,
2050097,2026-10-22T16:45:00Z,14,UEFA Europa League,2027,League Phase,TOURNAMENT,,Union SG,H. Beer-Sheva,ok,,1491.001101243558,1523.6120278000906,1.4117324154448145,1.1716009178885185,0.4249648642971049,0.2626262944364291,0.31240884126646606,,,,
2050098,2026-10-22T16:45:00Z,14,UEFA Europa League,2027,League Phase,TOURNAMENT,,GNK Dinamo,N.E.C.,ok,,1507.630855870117,1456.069458344003,1.8996960525598294,0.9711372807735041,0.5909728435240762,0.22048050336902988,0.18854665310689417,,,,
2050100,2026-10-22T16:45:00Z,14,UEFA Europa League,2027,League Phase,TOURNAMENT,,Sturm Graz,Marseille,ok,,1471.6493846001154,1464.3062905222207,1.538502946736133,1.0144732437400574,0.49437988265840305,0.25584187474271924,0.2497782425988777,,,,
2050101,2026-10-22T16:45:00Z,14,UEFA Europa League,2027,League Phase,TOURNAMENT,,Lech Poznań,Sunderland,ok,,1564.7231174360145,1510.6405612120448,1.903459055806688,0.9590409441933119,0.5947394631074662,0.21984091016065152,0.18541962673188223,,,,
2050108,2026-10-22T16:45:00Z,14,UEFA Europa League,2027,League Phase,TOURNAMENT,,OFI Crete,Leverkusen,ok,,1541.438880964449,1523.3028573323124,1.465705632853288,0.9082527004800454,0.5014918040925591,0.26495443146463465,0.23355376444280623,,,,
2050110,2026-10-22T16:45:00Z,14,UEFA Europa League,2027,League Phase,TOURNAMENT,,Ararat-Armenia,AZ Alkmaar,ok,,1476.4586356082111,1566.6453292448396,1.2291145093035643,1.4208854906964357,0.32571859325615127,0.2595892053194658,0.4146922014243828,,,,
2050331,2026-10-22T16:45:00Z,2019,UEFA Conference League,2027,League Phase,TOURNAMENT,,Crvena Zvezda,Copenhagen,ok,,1545.0367283427493,1559.3504042647182,1.7459126168032557,1.304087383196744,0.47846566574231475,0.23451466531834408,0.28701966893934094,,,,
2050332,2026-10-22T16:45:00Z,2019,UEFA Conference League,2027,League Phase,TOURNAMENT,,Pafos,Riga,ok,,1500.6817366561943,1519.5522364109577,1.4998955767004578,1.1501044232995425,0.4526894439726015,0.25632644631693385,0.2909841097104647,,,,
2050333,2026-10-22T16:45:00Z,2019,UEFA Conference League,2027,League Phase,TOURNAMENT,,Getafe,Lugano,ok,,1502.8162629701535,1537.5418788684256,1.5514443549701076,1.3033175497917973,0.43172103170347803,0.24785557278755627,0.32042339550896576,,,,
2050337,2026-10-22T16:45:00Z,2019,UEFA Conference League,2027,League Phase,TOURNAMENT,,Trabzonspor,Hearts,ok,,1478.2960067646436,1449.7079104071072,1.8063887292171787,1.0540008811724317,0.5499728557332335,0.23050576299245623,0.2195213812743102,,,,
2050338,2026-10-22T16:45:00Z,2019,UEFA Conference League,2027,League Phase,TOURNAMENT,,Jablonec,Brighton,ok,,1520.807821919585,1518.2540288784862,1.4726112483151526,0.9981679724640684,0.48123342997261853,0.26259189795750204,0.2561746720698794,,,,
2050339,2026-10-22T16:45:00Z,2019,UEFA Conference League,2027,League Phase,TOURNAMENT,,Nordsjælland,CSKA Sofia,ok,,1560.9069765163986,1480.1301792639117,1.948370011350323,0.8418397788594669,0.633271953885532,0.211786141888787,0.1549419042256811,,,,
2050341,2026-10-22T16:45:00Z,2019,UEFA Conference League,2027,League Phase,TOURNAMENT,,Inter Escaldes,U. Craiova,ok,,1499.9600257932482,1522.972243543929,1.5777074341625719,1.2389592325040946,0.4523195933426325,0.2478828037955535,0.29979760286181395,,,,
2050343,2026-10-22T16:45:00Z,2019,UEFA Conference League,2027,League Phase,TOURNAMENT,,Kauno Žalgiris,Brann,ok,,1483.9228150732674,1504.0024558456532,1.4577434213658593,1.1255899119674737,0.4473925081475415,0.26055458141401433,0.2920529104384439,,,,
2050344,2026-10-22T16:45:00Z,2019,UEFA Conference League,2027,League Phase,TOURNAMENT,,Iberia Tbilisi,Mjällby,ok,,1449.3446662144954,1462.0634790309482,1.4114388046984974,1.0446218013621087,0.4539540239931662,0.26723549736371627,0.27881047864311764,,,,
2050094,2026-10-22T19:00:00Z,14,UEFA Europa League,2027,League Phase,TOURNAMENT,,Olympiacos,Sparta Praha,ok,,1494.0463249260315,1549.9982432765814,1.2739954283362822,1.2093379049970512,0.3799826292570949,0.2709362551405046,0.3490811156024004,,,,
2050096,2026-10-22T19:00:00Z,14,UEFA Europa League,2027,League Phase,TOURNAMENT,,Viktoria Plzeň,Levski Sofia,ok,,1513.1584435012157,1513.1065359034458,1.3727139017402081,0.9439527649264583,0.4675922265019461,0.27422415037538805,0.2581836231226659,,,,
2050099,2026-10-22T19:00:00Z,14,UEFA Europa League,2027,League Phase,TOURNAMENT,,Celtic,Celta,ok,,1480.525023597058,1516.5458917217761,1.6157968395635673,1.367536493769766,0.43372818817079734,0.24174343317955785,0.32452837864964496,,,,
2050102,2026-10-22T19:00:00Z,14,UEFA Europa League,2027,League Phase,TOURNAMENT,,Bournemouth,Milan,ok,,1511.569935046895,1485.6292161810434,1.6484083472808424,0.9765916527191576,0.5311381720166778,0.24528386343643993,0.22357796454688228,,,,
2050103,2026-10-22T19:00:00Z,14,UEFA Europa League,2027,League Phase,TOURNAMENT,,Celje,Salzburg,ok,,1524.1438750786992,1515.0034867210811,1.7245521733551,1.1254478266449002,0.5139275248578763,0.23788028786958804,0.24819218727253575,,,,
2050104,2026-10-22T19:00:00Z,14,UEFA Europa League,2027,League Phase,TOURNAMENT,,Jagiellonia,Anderlecht,ok,,1558.4035333547956,1545.4167317527103,1.5971723928908705,1.0194942737757957,0.5080108286449454,0.25011803717676584,0.2418711341782889,,,,
2050105,2026-10-22T19:00:00Z,14,UEFA Europa League,2027,League Phase,TOURNAMENT,,Omonia,Benfica,ok,,1541.7605921855832,1563.753001278647,1.544341418126234,1.205658581873766,0.451419474716259,0.2512669900213418,0.2973135352623994,,,,
2050106,2026-10-22T19:00:00Z,14,UEFA Europa League,2027,League Phase,TOURNAMENT,,Hoffenheim,Lyon,ok,,1489.277797951883,1560.5058418370706,1.2992049312911793,1.3466284020421537,0.35839892284451336,0.2611524836771298,0.3804485934783568,,,,
2050107,2026-10-22T19:00:00Z,14,UEFA Europa League,2027,League Phase,TOURNAMENT,,Beşiktaş,Crystal Palace,ok,,1555.0208602831433,1594.0481698796555,1.2984949001475483,1.1181717665191186,0.4064970631582634,0.2740953766889109,0.3194075601528259,,,,
2050109,2026-10-22T19:00:00Z,14,UEFA Europa League,2027,League Phase,TOURNAMENT,,Lillestrøm,Real Sociedad,ok,,1489.9251930728371,1488.430064953105,1.4832600256215696,1.0115316410450974,0.4808048711922429,0.2612634379813448,0.2579316908264121,,,,
2050327,2026-10-22T19:00:00Z,2019,UEFA Conference League,2027,League Phase,TOURNAMENT,,Braga,Gent,ok,,1620.4634366631408,1518.8527108443393,1.5718452033943024,0.6023972208481219,0.6098356392669526,0.24967846913534666,0.14048589159770059,,,,
2050328,2026-10-22T19:00:00Z,2019,UEFA Conference League,2027,League Phase,TOURNAMENT,,Ajax,Atalanta,ok,,1517.7075404662005,1491.4007948627313,2.18912592745519,1.2942074058781432,0.5775566745600964,0.20257092744933253,0.2198723979905713,,,,
2050329,2026-10-22T19:00:00Z,2019,UEFA Conference League,2027,League Phase,TOURNAMENT,,Monaco,Freiburg,ok,,1509.3697556042098,1585.9773280699355,1.4901798493920895,1.5931534839412436,0.358186568792557,0.23890788566564566,0.4029055455417973,,,,
2050330,2026-10-22T19:00:00Z,2019,UEFA Conference League,2027,League Phase,TOURNAMENT,,Midtjylland,Sint-Truidense,ok,,1615.2356988582967,1497.9088785134497,2.114493386568731,0.7402685181931736,0.6917727382291231,0.18972100804081254,0.11850625373006425,,,,
2050334,2026-10-22T19:00:00Z,2019,UEFA Conference League,2027,League Phase,TOURNAMENT,,L. Red Imps,Twente,ok,,1439.547768827417,1514.2347667866147,1.4044271990771464,1.4849667403167932,0.3579667434234379,0.2480537669840948,0.39397948959246726,,,,
2050335,2026-10-22T19:00:00Z,2019,UEFA Conference League,2027,League Phase,TOURNAMENT,,Borac,KuPS Kuopio,ok,,1518.4164577738754,1460.1752726598334,1.709203609646626,0.8407963903533737,0.5798283054251839,0.2376569438962556,0.18251475067856054,,,,
2050340,2026-10-22T19:00:00Z,2019,UEFA Conference League,2027,League Phase,TOURNAMENT,,Aarhus,Egnatia,ok,,1474.2515494345212,1528.369444466189,1.644628490852542,1.5447654485413975,0.4041535766588287,0.23440661830625747,0.3614398050349138,,,,
2050342,2026-10-22T19:00:00Z,2019,UEFA Conference League,2027,League Phase,TOURNAMENT,,Thun,Hajduk Split,ok,,1488.6278959597437,1536.334318082129,1.7042270044537389,1.5427426925159582,0.4184448922294848,0.23158384239376675,0.3499712653767485,,,,
2049613,2026-11-03T17:45:00Z,1,UEFA Champions League,2027,League Phase,TOURNAMENT,,Shakhtar,Sporting CP,ok,,1560.793269840103,1544.8964004514542,1.6894919741887215,1.0605080258112785,0.5208491497584298,0.24121940800024702,0.23793144224132307,,,,
2049614,2026-11-03T17:45:00Z,1,UEFA Champions League,2027,League Phase,TOURNAMENT,,Galatasaray,Stuttgart,ok,,1476.8526728219815,1523.9747758223448,1.5333082280056334,1.3833584386610336,0.4102736682704233,0.24617959642692616,0.3435467353026506,,,,
2049607,2026-11-03T20:00:00Z,1,UEFA Champions League,2027,League Phase,TOURNAMENT,,Barcelona,Aston Villa,ok,,1567.0068069901706,1638.090534037474,1.6620479777294774,1.7212853556038559,0.3741846158588612,0.22695656743082235,0.3988588167103163,,,,
2049608,2026-11-03T20:00:00Z,1,UEFA Champions League,2027,League Phase,TOURNAMENT,,Atleti,Bayern München,ok,,1529.5369158155947,1634.6379207450002,1.6300404664787618,2.053292866854572,0.3096412245649041,0.21214753873335934,0.47821123670173665,,,,
2049609,2026-11-03T20:00:00Z,1,UEFA Champions League,2027,League Phase,TOURNAMENT,,Man Utd,Roma,ok,,1519.8385396980889,1547.723886482201,1.519022544770571,1.2268107885627626,0.440329975352292,0.25254993171846996,0.3071200929292381,,,,
2049610,2026-11-03T20:00:00Z,1,UEFA Champions League,2027,League Phase,TOURNAMENT,,Feyenoord,Inter,ok,,1446.3720330210508,1504.798340878273,1.6217783728723538,1.5615549604609797,0.3954683734077233,0.2348504801463626,0.36968114644591415,,,,
2049611,2026-11-03T20:00:00Z,1,UEFA Champions League,2027,League Phase,TOURNAMENT,,Bodø/Glimt,Lille,ok,,1536.9972890435254,1482.0733873753452,1.8760182847373874,0.940648381929279,0.5931658037138675,0.22211211559784588,0.18472208068828655,,,,
2049612,2026-11-03T20:00:00Z,1,UEFA Champions League,2027,League Phase,TOURNAMENT,,Villarreal,Paris,ok,,1413.6680916152739,1628.2434217086125,0.9948390979286815,2.353375187785604,0.14379966239866737,0.18015011956946045,0.6760502180318722,,,,
2049615,2026-11-03T20:00:00Z,1,UEFA Champions League,2027,League Phase,TOURNAMENT,,LASK,S. Bratislava,ok,,1494.3093322051702,1502.5199255066423,1.5681120494420262,1.1308462838913074,0.4744195995751439,0.25112501314866315,0.27445538727619295,,,,
2049620,2026-11-04T17:45:00Z,1,UEFA Champions League,2027,League Phase,TOURNAMENT,,Fenerbahçe,Liverpool,ok,,1550.8290506044004,1545.7946962617116,1.508601442630656,1.0080652240360106,0.48822944913145794,0.2588574594709328,0.2529130913976091,,,,
2049622,2026-11-04T17:45:00Z,1,UEFA Champions League,2027,League Phase,TOURNAMENT,,AEK Athens,Real Madrid,ok,,1577.743296545676,1565.8736112651934,1.8772997369227113,1.2060335964106217,0.5306898963703892,0.22527733279656476,0.24403277083304606,,,,
2049616,2026-11-04T20:00:00Z,1,UEFA Champions League,2027,League Phase,TOURNAMENT,,B. Dortmund,Real Betis,ok,,1503.7236738307972,1547.1550572782664,1.7434497420881876,1.5398835912451456,0.4280683067507929,0.2296985761760591,0.3422331170731481,,,,
2049617,2026-11-04T20:00:00Z,1,UEFA Champions League,2027,League Phase,TOURNAMENT,,Porto,Napoli,ok,,1529.8446380434107,1465.775118497102,1.7671285140242359,0.8406095812138592,0.5934546932328839,0.23121151003239263,0.17533379673472366,,,,
2049618,2026-11-04T20:00:00Z,1,UEFA Champions League,2027,League Phase,TOURNAMENT,,PSV,Club Brugge,ok,,1490.1089151995768,1507.6783969960306,2.0229196941969634,1.5395803058030366,0.4902471679152111,0.21457955322595995,0.29517327885882905,,,,
2049619,2026-11-04T20:00:00Z,1,UEFA Champions League,2027,League Phase,TOURNAMENT,,Leipzig,Man City,ok,,1485.398699190116,1527.259891641674,1.5797539422763358,1.382746057723664,0.42177264875836173,0.24345945117145024,0.334767900070188,,,,
2049621,2026-11-04T20:00:00Z,1,UEFA Champions League,2027,League Phase,TOURNAMENT,,Slavia Praha,Arsenal,ok,,1420.279815677143,1635.7635833472236,0.7747993542292094,1.8424625505326953,0.15184173339719428,0.22086643914863424,0.6272918274541713,,,,
2049623,2026-11-04T20:00:00Z,1,UEFA Champions League,2027,League Phase,TOURNAMENT,,Lens,Como,ok,,1509.5640478226608,1514.601300809884,1.7807335116310539,1.2609331550356127,0.49617622036359793,0.23250382492766153,0.2713199547087405,,,,
2049624,2026-11-04T20:00:00Z,1,UEFA Champions League,2027,League Phase,TOURNAMENT,,Viking,Sabah,ok,,1520.0789049761381,1532.3565466387804,1.9188535419262682,1.4165631247403985,0.4934662419540796,0.22175457345038888,0.28477918459553153,,,,
2050113,2026-11-05T17:45:00Z,14,UEFA Europa League,2027,League Phase,TOURNAMENT,,Milan,Ferencváros,ok,,1485.6292161810434,1604.235521037057,1.1345218572130051,1.5446448094536616,0.2793227141962775,0.25302123900162654,0.4676560468020958,,,,
2050115,2026-11-05T17:45:00Z,14,UEFA Europa League,2027,League Phase,TOURNAMENT,,Real Sociedad,Lyon,ok,,1488.430064953105,1560.5058418370706,1.3367964487479114,1.3923702179187556,0.3590242986191978,0.25646280503446356,0.3845128963463387,,,,
2050117,2026-11-05T17:45:00Z,14,UEFA Europa League,2027,League Phase,TOURNAMENT,,Sparta Praha,Bournemouth,ok,,1549.9982432765814,1511.569935046895,1.7162445405892615,0.9462554594107386,0.5550105034703441,0.23829311612547596,0.20669638040417998,,,,
2050118,2026-11-05T17:45:00Z,14,UEFA Europa League,2027,League Phase,TOURNAMENT,,Rennes,Olympiacos,ok,,1500.7880760057144,1494.0463249260315,1.3716068387263707,0.9075598279402961,0.47624244544869854,0.27539149944944585,0.24836605510185555,,,,
2050119,2026-11-05T17:45:00Z,14,UEFA Europa League,2027,League Phase,TOURNAMENT,,Anderlecht,Salzburg,ok,,1545.4167317527103,1515.0034867210811,1.743389709828492,1.006610290171508,0.5466748561018712,0.2360640707208066,0.21726107317732227,,,,
2050121,2026-11-05T17:45:00Z,14,UEFA Europa League,2027,League Phase,TOURNAMENT,,Crystal Palace,Hoffenheim,ok,,1594.0481698796555,1489.277797951883,1.8255009534835542,0.6869990465164459,0.6463237870257998,0.21941455194055343,0.13426166103364678,,,,
2050126,2026-11-05T17:45:00Z,14,UEFA Europa League,2027,League Phase,TOURNAMENT,,N.E.C.,Omonia,ok,,1456.069458344003,1541.7605921855832,1.1462544059858726,1.2912455940141274,0.3284953855193329,0.2732063165290191,0.39829829795164795,,,,
2050127,2026-11-05T17:45:00Z,14,UEFA Europa League,2027,League Phase,TOURNAMENT,,Lillestrøm,Viktoria Plzeň,ok,,1489.9251930728371,1513.1584435012157,1.2590102847195401,0.9899480486137933,0.42481072748886795,0.2841244258892688,0.29106484662186327,,,,
2050128,2026-11-05T17:45:00Z,14,UEFA Europa League,2027,League Phase,TOURNAMENT,,Levski Sofia,Jagiellonia,ok,,1513.1065359034458,1558.4035333547956,1.312005947350985,1.1713273859823483,0.39845065748055797,0.2702867694671229,0.3312625730523192,,,,
2050345,2026-11-05T17:45:00Z,2019,UEFA Conference League,2027,League Phase,TOURNAMENT,,Atalanta,Kairat Almaty,ok,,1491.4007948627313,1419.7256275265563,1.912529648538081,0.8708036847952523,0.6184018402079549,0.21650391758043688,0.16509424221160846,,,,
2050348,2026-11-05T17:45:00Z,2019,UEFA Conference League,2027,League Phase,TOURNAMENT,,Midtjylland,Ajax,ok,,1615.2356988582967,1517.7075404662005,2.4299352015851277,0.9533981317482061,0.6988115350981133,0.17167460187208283,0.12951386302980378,,,,
2050349,2026-11-05T17:45:00Z,2019,UEFA Conference League,2027,League Phase,TOURNAMENT,,Crvena Zvezda,Inter Escaldes,ok,,1545.0367283427493,1499.9600257932482,1.7966222423314506,0.9533777576685494,0.5720840334709567,0.23026520585544094,0.19765076067360238,,,,
2050353,2026-11-05T17:45:00Z,2019,UEFA Conference League,2027,League Phase,TOURNAMENT,,KuPS Kuopio,Gent,ok,,1460.1752726598334,1518.8527108443393,1.0220525894300705,0.9855231681456873,0.3556847954503918,0.3077327270797687,0.3365824774698397,,,,
2050355,2026-11-05T17:45:00Z,2019,UEFA Conference League,2027,League Phase,TOURNAMENT,,L. Red Imps,Hajduk Split,ok,,1439.547768827417,1536.334318082129,1.2495523797024157,1.5004476202975843,0.31622341519785735,0.25314875020074296,0.4306278346013996,,,,
2050357,2026-11-05T17:45:00Z,2019,UEFA Conference League,2027,League Phase,TOURNAMENT,,Trabzonspor,Freiburg,ok,,1478.2960067646436,1585.9773280699355,1.2633582914168955,1.615213137154533,0.29929539731087884,0.2445542861544609,0.4561503165346603,,,,
2050360,2026-11-05T17:45:00Z,2019,UEFA Conference League,2027,League Phase,TOURNAMENT,,Aarhus,Braga,ok,,1474.2515494345212,1620.4634366631408,1.1001823645345619,1.755878241526044,0.23751829426065912,0.2352197330895111,0.5272619726498298,,,,
2050361,2026-11-05T17:45:00Z,2019,UEFA Conference League,2027,League Phase,TOURNAMENT,,Thun,Hearts,ok,,1488.6278959597437,1449.7079104071072,2.126382240130423,1.1690723053241223,0.5927052977363374,0.2049296977448832,0.20236500451877937,,,,
2050362,2026-11-05T17:45:00Z,2019,UEFA Conference League,2027,League Phase,TOURNAMENT,,Mjällby,Borac,ok,,1462.0634790309482,1518.4164577738754,1.3610756682503367,1.2949849378102696,0.38509428344910945,0.26048584543286196,0.3544198711180285,,,,
2050111,2026-11-05T20:00:00Z,14,UEFA Europa League,2027,League Phase,TOURNAMENT,,Leverkusen,Marseille,ok,,1523.3028573323124,1464.3062905222207,1.7807737086821855,0.8722024817940051,0.5886156631796258,0.23042389370506855,0.18096044311530557,,,,
2050112,2026-11-05T20:00:00Z,14,UEFA Europa League,2027,League Phase,TOURNAMENT,,Benfica,Lech Poznań,ok,,1563.753001278647,1564.7231174360145,1.9802425364554264,1.3697574635445737,0.5170647532525189,0.2179154480277315,0.26501979871974973,,,,
2050114,2026-11-05T20:00:00Z,14,UEFA Europa League,2027,League Phase,TOURNAMENT,,AZ Alkmaar,Juventus,ok,,1566.6453292448396,1541.178219745847,1.7251518011552687,1.0248481988447313,0.5379431810548858,0.23789100017863415,0.22416581876648006,,,,
2050116,2026-11-05T20:00:00Z,14,UEFA Europa League,2027,League Phase,TOURNAMENT,,Celtic,Beşiktaş,ok,,1480.525023597058,1555.0208602831433,1.4184852330809918,1.4981814335856751,0.3588925885925421,0.24672768686313593,0.3943797245443219,,,,
2050120,2026-11-05T20:00:00Z,14,UEFA Europa League,2027,League Phase,TOURNAMENT,,Sturm Graz,Celje,ok,,1471.6493846001154,1524.1438750786992,1.2690733120339122,1.180926687966088,0.38471030765860315,0.27294699267729977,0.3423426996640971,,,,
2050122,2026-11-05T20:00:00Z,14,UEFA Europa League,2027,League Phase,TOURNAMENT,,Sunderland,GNK Dinamo,ok,,1510.6405612120448,1507.630855870117,1.6084490595473002,1.087384273786033,0.49463783467903666,0.2483364358676238,0.2570257294533397,,,,
2050123,2026-11-05T20:00:00Z,14,UEFA Europa League,2027,League Phase,TOURNAMENT,,Celta,Union SG,ok,,1516.5458917217761,1491.001101243558,1.767268106913799,1.0493985597528674,0.5419854387848433,0.23406241186445628,0.22395214935070062,,,,
2050124,2026-11-05T20:00:00Z,14,UEFA Europa League,2027,League Phase,TOURNAMENT,,Torreense,Ararat-Armenia,ok,,1511.6130888293312,1476.4586356082111,1.7474030168726273,0.9817636497940396,0.5536669977495753,0.2354865247982448,0.21084647745217994,,,,
2050125,2026-11-05T20:00:00Z,14,UEFA Europa League,2027,League Phase,TOURNAMENT,,H. Beer-Sheva,OFI Crete,ok,,1523.6120278000906,1541.438880964449,1.290411097438037,0.9835472358952964,0.4351973832912083,0.2812796042673525,0.2835230124414393,,,,
2050346,2026-11-05T20:00:00Z,2019,UEFA Conference League,2027,League Phase,TOURNAMENT,,Monaco,Nordsjælland,ok,,1509.3697556042098,1560.9069765163986,1.5683243293622506,1.451372640334719,0.4048043495490875,0.24165172063877344,0.3535439298121391,,,,
2050347,2026-11-05T20:00:00Z,2019,UEFA Conference League,2027,League Phase,TOURNAMENT,,Copenhagen,Iberia Tbilisi,ok,,1559.3504042647182,1449.3446662144954,2.258584098843163,0.8247492344901701,0.6981217504947872,0.18012997344616782,0.12174827605904495,,,,
2050350,2026-11-05T20:00:00Z,2019,UEFA Conference League,2027,League Phase,TOURNAMENT,,Panathinaikos,CSKA Sofia,ok,,1515.7120498993063,1480.1301792639117,1.7006809629502928,0.9531651908958609,0.5495826063827224,0.23993213068404834,0.21048526293322933,,,,
2050351,2026-11-05T20:00:00Z,2019,UEFA Conference League,2027,League Phase,TOURNAMENT,,Lugano,Kauno Žalgiris,ok,,1537.5418788684256,1483.9228150732674,1.7384327092837346,0.8782339573829321,0.5772419438037764,0.23509031994079957,0.18766773625542413,,,,
2050352,2026-11-05T20:00:00Z,2019,UEFA Conference League,2027,League Phase,TOURNAMENT,,Getafe,Brighton,ok,,1502.8162629701535,1518.2540288784862,1.5290514650663247,1.149519963505104,0.46026164087825316,0.253954778913379,0.2857835802083678,,,,
2050354,2026-11-05T20:00:00Z,2019,UEFA Conference League,2027,League Phase,TOURNAMENT,,Twente,Pafos,ok,,1514.2347667866147,1500.6817366561943,1.867739638034692,1.1883209680259141,0.5325794025675004,0.22598809391772903,0.2414325035147706,,,,
2050356,2026-11-05T20:00:00Z,2019,UEFA Conference League,2027,League Phase,TOURNAMENT,,Sint-Truidense,Brann,ok,,1497.9088785134497,1504.0024558456532,1.6476299089479371,1.173798662480634,0.4842135000717206,0.24381374777862763,0.2719727521496517,,,,
2050358,2026-11-05T20:00:00Z,2019,UEFA Conference League,2027,League Phase,TOURNAMENT,,U. Craiova,Egnatia,ok,,1522.972243543929,1528.369444466189,1.6865875717562664,1.196745761577067,0.48840689333525245,0.24038715667899271,0.271205949985755,,,,
2050359,2026-11-05T20:00:00Z,2019,UEFA Conference League,2027,League Phase,TOURNAMENT,,Riga,Jablonec,ok,,1519.5522364109577,1520.807821919585,1.4651644459145463,1.0151385843884841,0.4751966992708391,0.26294232743101675,0.26186097329814423,,,,
2049629,2026-11-24T17:45:00Z,1,UEFA Champions League,2027,League Phase,TOURNAMENT,,Bodø/Glimt,LASK,ok,,1536.9972890435254,1494.3093322051702,2.0149309130189894,1.0840274203143436,0.5890340270266167,0.21238772530049094,0.19857824767289245,,,,
2049631,2026-11-24T17:45:00Z,1,UEFA Champions League,2027,League Phase,TOURNAMENT,,Galatasaray,Aston Villa,ok,,1476.8526728219815,1638.090534037474,1.0279122865644061,1.7887543801022603,0.21593544690572336,0.23191960397769082,0.552144949116586,,,,
2049625,2026-11-24T20:00:00Z,1,UEFA Champions League,2027,League Phase,TOURNAMENT,,Real Madrid,PSV,ok,,1565.8736112651934,1490.1089151995768,2.37358296463202,1.0555837020346468,0.6660698667435366,0.18112323922551488,0.15280689403094855,,,,
2049626,2026-11-24T20:00:00Z,1,UEFA Champions League,2027,League Phase,TOURNAMENT,,Man City,Napoli,ok,,1527.259891641674,1465.775118497102,1.8935084288878812,0.9142296663502141,0.6035178543415284,0.2197101566683628,0.17677198899010882,,,,
2049627,2026-11-24T20:00:00Z,1,UEFA Champions League,2027,League Phase,TOURNAMENT,,Arsenal,B. Dortmund,ok,,1635.7635833472236,1503.7236738307972,2.181596033395093,0.7017372999382405,0.7135982351168961,0.1805271033930051,0.10587466149009868,,,,
2049628,2026-11-24T20:00:00Z,1,UEFA Champions League,2027,League Phase,TOURNAMENT,,Feyenoord,Porto,ok,,1446.3720330210508,1529.8446380434107,1.4124317386714416,1.5709015946618918,0.3436253411559322,0.24294514496494582,0.41342951387912197,,,,
2049630,2026-11-24T20:00:00Z,1,UEFA Champions League,2027,League Phase,TOURNAMENT,,Leipzig,Lens,ok,,1485.398699190116,1509.5640478226608,1.6987607459710596,1.3429059206956069,0.45887342195675224,0.237043693902856,0.30408288414039164,,,,
2049632,2026-11-24T20:00:00Z,1,UEFA Champions League,2027,League Phase,TOURNAMENT,,S. Bratislava,Real Betis,ok,,1502.5199255066423,1547.1550572782664,1.4907881053306742,1.3258785613359922,0.41176928320313866,0.25097617233791414,0.3372545444589473,,,,
2049633,2026-11-24T20:00:00Z,1,UEFA Champions League,2027,League Phase,TOURNAMENT,,Como,AEK Athens,ok,,1514.601300809884,1577.743296545676,1.4389039173412017,1.4235960826587981,0.37863483452694224,0.2496053653345943,0.3717598001384633,,,,
2049641,2026-11-25T17:45:00Z,1,UEFA Champions League,2027,League Phase,TOURNAMENT,,Slavia Praha,Villarreal,ok,,1420.279815677143,1413.6680916152739,1.794124310244519,1.1880185468983382,0.5157957255400663,0.23189499130325464,0.2523092831566791,,,,
2049642,2026-11-25T17:45:00Z,1,UEFA Champions League,2027,League Phase,TOURNAMENT,,Sabah,Barcelona,ok,,1532.3565466387804,1567.0068069901706,1.8209462015372229,1.5290537984627772,0.4479312717597875,0.22590730331511336,0.32616142492509914,,,,
2049634,2026-11-25T20:00:00Z,1,UEFA Champions League,2027,League Phase,TOURNAMENT,,Paris,Roma,ok,,1628.2434217086125,1547.723886482201,2.221889963062622,0.9614433702707115,0.659368697249973,0.19013555885666042,0.1504957438933665,,,,
2049635,2026-11-25T20:00:00Z,1,UEFA Champions League,2027,League Phase,TOURNAMENT,,Inter,Stuttgart,ok,,1504.798340878273,1523.9747758223448,1.687270931935102,1.2960624013982314,0.466354876354018,0.23875377526231026,0.29489134838367176,,,,
2049636,2026-11-25T20:00:00Z,1,UEFA Champions League,2027,League Phase,TOURNAMENT,,Atleti,Viking,ok,,1529.5369158155947,1520.0789049761381,2.1812157662748684,1.420867567058465,0.5484976873509537,0.2047577773029293,0.24674453534611682,,,,
2049637,2026-11-25T20:00:00Z,1,UEFA Champions League,2027,League Phase,TOURNAMENT,,Sporting CP,Man Utd,ok,,1544.8964004514542,1519.8385396980889,1.762810312456107,1.049689687543893,0.5408715280490782,0.23447424931210514,0.22465422263881663,,,,
2049638,2026-11-25T20:00:00Z,1,UEFA Champions League,2027,League Phase,TOURNAMENT,,Club Brugge,Liverpool,ok,,1507.6783969960306,1545.7946962617116,1.7504881106696908,1.4995118893303092,0.43792684651283204,0.23037688600880243,0.3316962674783655,,,,
2049639,2026-11-25T20:00:00Z,1,UEFA Champions League,2027,League Phase,TOURNAMENT,,Lille,Bayern München,ok,,1482.0733873753452,1634.6379207450002,1.1736947972580767,1.94297186940859,0.22747683835425953,0.2198198521737449,0.5527033094719955,,,,
2049640,2026-11-25T20:00:00Z,1,UEFA Champions League,2027,League Phase,TOURNAMENT,,Shakhtar,Fenerbahçe,ok,,1560.793269840103,1550.8290506044004,1.525700619918752,0.9909660467479147,0.4967818790605372,0.25744560437830977,0.24577251656115312,,,,
2050372,2026-11-26T15:30:00Z,2019,UEFA Conference League,2027,League Phase,TOURNAMENT,,Kairat Almaty,Mjällby,ok,,1419.7256275265563,1462.0634790309482,1.2902652739184892,1.1324619988087836,0.40106923080754187,0.2740184859480055,0.32491228324445254,,,,
2050131,2026-11-26T17:45:00Z,14,UEFA Europa League,2027,League Phase,TOURNAMENT,,Olympiacos,Milan,ok,,1494.0463249260315,1485.6292161810434,1.47755409752467,0.9682792358086634,0.48978822324197113,0.26268720350144414,0.2475245732565846,,,,
2050132,2026-11-26T17:45:00Z,14,UEFA Europa League,2027,League Phase,TOURNAMENT,,Marseille,Levski Sofia,ok,,1464.3062905222207,1513.1065359034458,1.4406226423234239,1.3123535481527668,0.4019421880791566,0.25468842922392915,0.3433693826969142,,,,
2050134,2026-11-26T17:45:00Z,14,UEFA Europa League,2027,League Phase,TOURNAMENT,,Viktoria Plzeň,Benfica,ok,,1513.1584435012157,1563.753001278647,1.4493351798226846,1.3339981535106487,0.39961105302508426,0.25319784097536485,0.3471911059995509,,,,
2050135,2026-11-26T17:45:00Z,14,UEFA Europa League,2027,League Phase,TOURNAMENT,,Union SG,Lech Poznań,ok,,1491.001101243558,1564.7231174360145,1.5842145989813297,1.6657854010186703,0.3666828693336523,0.23203580915948155,0.40128132150686613,,,,
2050136,2026-11-26T17:45:00Z,14,UEFA Europa League,2027,League Phase,TOURNAMENT,,GNK Dinamo,Leverkusen,ok,,1507.630855870117,1523.3028573323124,1.4928489554399398,1.123817711226727,0.45689501243855124,0.25765086105071167,0.2854541265107372,,,,
2050137,2026-11-26T17:45:00Z,14,UEFA Europa League,2027,League Phase,TOURNAMENT,,Salzburg,Ararat-Armenia,ok,,1515.0034867210811,1476.4586356082111,1.7945613060543593,0.988772027278974,0.5629564623625574,0.23095766186646283,0.20608587577097992,,,,
2050141,2026-11-26T17:45:00Z,14,UEFA Europa League,2027,League Phase,TOURNAMENT,,Celta,Bournemouth,ok,,1516.5458917217761,1511.569935046895,1.5558479143853574,1.0399854189479758,0.49267785671075504,0.25380615681419416,0.25351598647505086,,,,
2050143,2026-11-26T17:45:00Z,14,UEFA Europa League,2027,League Phase,TOURNAMENT,,Beşiktaş,H. Beer-Sheva,ok,,1555.0208602831433,1523.6120278000906,1.3870471931673831,0.7962861401659505,0.5087621476957618,0.27598363029218625,0.21525422201205208,,,,
2050364,2026-11-26T17:45:00Z,2019,UEFA Conference League,2027,League Phase,TOURNAMENT,,Ajax,Thun,ok,,1517.7075404662005,1488.6278959597437,2.3476741081604624,1.3659622554759014,0.5933320643375124,0.19275656506675046,0.21391137059573712,,,,
2050367,2026-11-26T17:45:00Z,2019,UEFA Conference League,2027,League Phase,TOURNAMENT,,Pafos,Midtjylland,ok,,1500.6817366561943,1615.2356988582967,1.2088169609663777,1.6078497057002892,0.2871682819187732,0.24632148889972647,0.4665102291815005,,,,
2050368,2026-11-26T17:45:00Z,2019,UEFA Conference League,2027,League Phase,TOURNAMENT,,Brighton,U. Craiova,ok,,1518.2540288784862,1522.972243543929,1.5079751512909334,1.0658343725185901,0.47429581223886164,0.2577648454606031,0.2679393423005352,,,,
2050370,2026-11-26T17:45:00Z,2019,UEFA Conference League,2027,League Phase,TOURNAMENT,,Brann,Aarhus,ok,,1504.0024558456532,1474.2515494345212,1.9136121066429745,1.109115166084298,0.5611838750816278,0.22156656546570247,0.21724955945266958,,,,
2050371,2026-11-26T17:45:00Z,2019,UEFA Conference League,2027,League Phase,TOURNAMENT,,Hearts,Monaco,ok,,1449.7079104071072,1509.3697556042098,1.5561210801632748,1.5090304349882406,0.3902670209377867,0.23997727871337624,0.36975570034883715,,,,
2050374,2026-11-26T17:45:00Z,2019,UEFA Conference League,2027,League Phase,TOURNAMENT,,Jablonec,Lugano,ok,,1520.807821919585,1537.5418788684256,1.5061703912053976,1.1407993057642993,0.4564212560340948,0.2560702535229721,0.28750849044293303,,,,
2050378,2026-11-26T17:45:00Z,2019,UEFA Conference League,2027,League Phase,TOURNAMENT,,Kauno Žalgiris,Riga,ok,,1483.9228150732674,1519.5522364109577,1.3283097935613468,1.1216902064386534,0.41384360257367037,0.2714717039902791,0.31468469343605066,,,,
2050379,2026-11-26T17:45:00Z,2019,UEFA Conference League,2027,League Phase,TOURNAMENT,,Iberia Tbilisi,Getafe,ok,,1449.3446662144954,1502.8162629701535,1.423067631122431,1.3316942736394737,0.3934186461387805,0.254889412474728,0.3516919413864914,,,,
2050380,2026-11-26T17:45:00Z,2019,UEFA Conference League,2027,League Phase,TOURNAMENT,,Egnatia,L. Red Imps,ok,,1528.369444466189,1439.547768827417,1.9704725119454178,0.8128608213879154,0.6451283558888301,0.2083405557026932,0.1465310884084766,,,,
2050129,2026-11-26T20:00:00Z,14,UEFA Europa League,2027,League Phase,TOURNAMENT,,Juventus,Omonia,ok,,1541.178219745847,1541.7605921855832,1.5087241824011466,1.0412758175988532,0.4803059921345166,0.25821453151676527,0.26147947634871804,,,,
2050130,2026-11-26T20:00:00Z,14,UEFA Europa League,2027,League Phase,TOURNAMENT,,Lyon,Lillestrøm,ok,,1560.5058418370706,1489.9251930728371,1.7251661000328011,0.7904588999671989,0.5965367818974747,0.2347895088252194,0.16867370927730602,,,,
